,Season,Competition,Matchday,Date,Venue,Club,Opponent,Result,Playing_Position,Minute,At_score,Type,Goal_assist
0,02/03,Liga Portugal,6,10/7/02,H,Sporting CP,Moreirense FC,3:0,LW,34,2:0,Solo run,
1,02/03,Liga Portugal,6,10/7/02,H,Sporting CP,Moreirense FC,3:0,LW,90+5,3:0,Header,Rui Jorge
2,02/03,Liga Portugal,8,10/26/02,A,Sporting CP,Boavista FC,1:2,,88,1:2,Right-footed shot,Carlos Martins
3,02/03,Taca de Portugal Placard,Fourth Round,11/24/02,H,Sporting CP,CD Estarreja,4:1,,67,3:0,Left-footed shot,Cesar Prates
4,02/03,Taca de Portugal Placard,Fifth Round,12/18/02,H,Sporting CP,FC Oliveira do Hospital,8:1,,13,3:0,,
5,03/04,Premier League,11,11/1/03,H,Manchester United,Portsmouth FC,3:0,RW,80,2:0,Direct free kick,
6,03/04,FA Cup,Fifth Round,2/14/04,H,Manchester United,Manchester City,4:2,RW,74,3:0,Right-footed shot,
7,03/04,Premier League,29,3/20/04,H,Manchester United,Tottenham Hotspur,3:0,,89,2:0,Right-footed shot,
8,03/04,Premier League,32,4/10/04,A,Manchester United,Birmingham City,1:2,,60,1:1,Header,Ryan Giggs
9,03/04,Premier League,38,5/15/04,A,Manchester United,Aston Villa,0:2,,4,0:1,Right-footed shot,
10,03/04,FA Cup,Final,5/22/04,H,Manchester United,Millwall FC,3:0,RW,44,1:0,Header,Gary Neville
11,04/05,Premier League,16,12/4/04,H,Manchester United,Southampton FC,3:0,,87,3:0,Right-footed shot,Gary Neville
12,04/05,FA Cup,Third Round,1/19/05,A,Manchester United,Exeter City,0:2,,9,0:1,,Paul Scholes
13,04/05,Premier League,24,1/22/05,H,Manchester United,Aston Villa,3:1,,8,1:0,Right-footed shot,Louis Saha
14,04/05,Premier League,25,2/1/05,A,Manchester United,Arsenal FC,2:4,RW,54,2:2,Left-footed shot,Ryan Giggs
15,04/05,Premier League,25,2/1/05,A,Manchester United,Arsenal FC,2:4,RW,58,2:3,Tap-in,Ryan Giggs
16,04/05,FA Cup,Fifth Round,2/19/05,A,Manchester United,Everton FC,0:2,,58,0:2,Tap-in,Paul Scholes
17,04/05,FA Cup,Sixth Round,3/12/05,A,Manchester United,Southampton FC,0:4,,45+1,0:2,Left-footed shot,Ruud van Nistelrooy
18,04/05,Premier League,30,3/19/05,H,Manchester United,Fulham FC,1:0,,21,1:0,Right-footed shot,Roy Keane
19,04/05,FA Cup,Semi-Finals,4/17/05,A,Manchester United,Newcastle United,1:4,RW,76,1:4,Right-footed shot,Ruud van Nistelrooy
20,05/06,UEFA Champions League Qualifying,3rd round,8/9/05,H,Manchester United,Debreceni VSC,3:0,,63,3:0,Right-footed shot,Paul Scholes
21,05/06,Premier League,11,10/29/05,A,Manchester United,Middlesbrough FC,4:1,,90,4:1,Header,Paul Scholes
22,05/06,EFL Cup,Round of 16,11/30/05,H,Manchester United,West Bromwich Albion,3:1,RW,12,1:1,Penalty,
23,05/06,Premier League,20,12/31/05,H,Manchester United,Bolton Wanderers,4:1,,68,3:1,Right-footed shot,Wayne Rooney
24,05/06,Premier League,20,12/31/05,H,Manchester United,Bolton Wanderers,4:1,,90,4:1,Left-footed shot,Ruud van Nistelrooy
25,05/06,Premier League,25,2/4/06,H,Manchester United,Fulham FC,4:2,,14,2:0,Direct free kick,
26,05/06,Premier League,25,2/4/06,H,Manchester United,Fulham FC,4:2,,87,4:2,Right-footed shot,
27,05/06,Premier League,26,2/11/06,A,Manchester United,Portsmouth FC,1:3,RW,38,0:2,Left-footed shot,
28,05/06,Premier League,26,2/11/06,A,Manchester United,Portsmouth FC,1:3,RW,45,0:3,Right-footed shot,Wayne Rooney
29,05/06,EFL Cup,Final,2/26/06,H,Manchester United,Wigan Athletic,4:0,RW,59,3:0,,Louis Saha
30,05/06,Premier League,28,3/6/06,A,Manchester United,Wigan Athletic,1:2,,74,1:1,Right-footed shot,Ruud van Nistelrooy
31,05/06,Premier League,38,5/7/06,H,Manchester United,Charlton Athletic,4:0,RW,23,2:0,Left-footed shot,Ryan Giggs
32,06/07,Premier League,1,8/20/06,H,Manchester United,Fulham FC,5:1,,19,4:0,,Wayne Rooney
33,06/07,Premier League,6,9/23/06,A,Manchester United,Reading FC,1:1,CF,73,1:1,,John OShea
34,06/07,Premier League,10,10/28/06,A,Manchester United,Bolton Wanderers,0:4,,82,0:3,,Louis Saha
35,06/07,Premier League,11,11/4/06,H,Manchester United,Portsmouth FC,3:0,RW,10,2:0,Direct free kick,
36,06/07,Premier League,15,11/29/06,H,Manchester United,Everton FC,3:0,,39,1:0,,
37,06/07,Premier League,17,12/9/06,H,Manchester United,Manchester City,3:1,,84,3:1,,
38,06/07,Premier League,19,12/23/06,A,Manchester United,Aston Villa,0:3,,58,0:1,,
39,06/07,Premier League,19,12/23/06,A,Manchester United,Aston Villa,0:3,,85,0:3,,Gary Neville
40,06/07,Premier League,20,12/26/06,H,Manchester United,Wigan Athletic,3:1,,47,1:0,,Paul Scholes
41,06/07,Premier League,20,12/26/06,H,Manchester United,Wigan Athletic,3:1,,50,2:0,Penalty rebound,Ji-sung Park
42,06/07,Premier League,21,12/30/06,H,Manchester United,Reading FC,3:2,RW,58,2:1,,Ole Gunnar Solskjaer
43,06/07,Premier League,21,12/30/06,H,Manchester United,Reading FC,3:2,RW,77,3:1,,Ryan Giggs
44,06/07,Premier League,23,1/13/07,H,Manchester United,Aston Villa,3:1,,34,3:0,Header,Michael Carrick
45,06/07,Premier League,25,1/31/07,H,Manchester United,Watford FC,4:0,RW,12,1:0,Penalty,
46,06/07,Premier League,26,2/3/07,A,Manchester United,Tottenham Hotspur,0:4,RW,45,0:1,Penalty,
47,06/07,Premier League,28,2/24/07,A,Manchester United,Fulham FC,1:2,,88,1:2,Solo run,
48,06/07,FA Cup,Sixth Round,3/10/07,A,Manchester United,Middlesbrough FC,2:2,RW,68,2:2,Penalty,
49,06/07,FA Cup,6th round,3/19/07,H,Manchester United,Middlesbrough FC,1:0,,76,1:0,Penalty,
50,06/07,UEFA Champions League,Quarter-Finals,4/10/07,H,Manchester United,AS Roma,7:1,RW,44,4:0,Right-footed shot,Ryan Giggs
51,06/07,UEFA Champions League,Quarter-Finals,4/10/07,H,Manchester United,AS Roma,7:1,RW,49,5:0,Right-footed shot,Ryan Giggs
52,06/07,FA Cup,Semi-Finals,4/14/07,A,Manchester United,Watford FC,1:4,,28,1:2,Right-footed shot,Wayne Rooney
53,06/07,UEFA Champions League,Semi-Finals,4/24/07,H,Manchester United,AC Milan,3:2,RW,5,1:0,Header,Ryan Giggs
54,06/07,Premier League,37,5/5/07,A,Manchester United,Manchester City,0:1,RW,34,0:1,Penalty,
55,07/08,UEFA Champions League,Group Stage,9/19/07,A,Manchester United,Sporting CP,0:1,RW,62,0:1,Header,Wes Brown
56,07/08,Premier League,8,9/29/07,A,Manchester United,Birmingham City,0:1,RW,51,0:1,,
57,07/08,Premier League,9,10/6/07,H,Manchester United,Wigan Athletic,4:0,RW,59,2:0,Header,Ryan Giggs
58,07/08,Premier League,9,10/6/07,H,Manchester United,Wigan Athletic,4:0,RW,76,3:0,Right-footed shot,Wayne Rooney
59,07/08,UEFA Champions League,Group Stage,10/23/07,A,Manchester United,Dynamo Kyiv,2:4,RW,41,1:3,Penalty,
60,07/08,UEFA Champions League,Group Stage,10/23/07,A,Manchester United,Dynamo Kyiv,2:4,RW,68,1:4,Header,Ryan Giggs
61,07/08,Premier League,12,11/3/07,A,Manchester United,Arsenal FC,2:2,RW,82,1:2,,Patrice Evra
62,07/08,UEFA Champions League,Group Stage,11/7/07,H,Manchester United,Dynamo Kyiv,4:0,RW,88,4:0,Right-footed shot,Patrice Evra
63,07/08,Premier League,13,11/11/07,H,Manchester United,Blackburn Rovers,2:0,RW,34,1:0,Header,Ryan Giggs
64,07/08,Premier League,13,11/11/07,H,Manchester United,Blackburn Rovers,2:0,RW,35,2:0,Right-footed shot,Carlos Tevez
65,07/08,UEFA Champions League,Group Stage,11/27/07,H,Manchester United,Sporting CP,2:1,RW,90+3,2:1,Direct free kick,
66,07/08,Premier League,15,12/3/07,H,Manchester United,Fulham FC,2:0,,10,1:0,Right-footed shot,Nemanja Vidicâ€Ž
67,07/08,Premier League,15,12/3/07,H,Manchester United,Fulham FC,2:0,,58,2:0,Header,John OShea
68,07/08,Premier League,16,12/8/07,H,Manchester United,Derby County,4:1,,90,4:1,Penalty,
69,07/08,Premier League,18,12/23/07,H,Manchester United,Everton FC,2:1,RW,22,1:0,Left-footed shot,Carlos Tevez
70,07/08,Premier League,18,12/23/07,H,Manchester United,Everton FC,2:1,RW,87,2:1,Penalty,
71,07/08,Premier League,19,12/26/07,A,Manchester United,Sunderland AFC,0:4,,45,0:3,Direct free kick,
72,07/08,Premier League,20,12/29/07,A,Manchester United,West Ham United,2:1,RW,14,0:1,Header,Ryan Giggs
73,07/08,FA Cup,Third Round,1/5/08,A,Manchester United,Aston Villa,0:2,,81,0:1,Left-footed shot,Ryan Giggs
74,07/08,Premier League,22,1/12/08,H,Manchester United,Newcastle United,6:0,RW,48,1:0,Direct free kick,
75,07/08,Premier League,22,1/12/08,H,Manchester United,Newcastle United,6:0,RW,70,3:0,Right-footed shot,Carlos Tevez
76,07/08,Premier League,22,1/12/08,H,Manchester United,Newcastle United,6:0,RW,88,5:0,Left-footed shot,
77,07/08,Premier League,23,1/19/08,A,Manchester United,Reading FC,0:2,RW,90+2,0:2,Right-footed shot,
78,07/08,FA Cup,Fourth Round,1/27/08,H,Manchester United,Tottenham Hotspur,3:1,RW,69,2:1,Penalty,
79,07/08,FA Cup,Fourth Round,1/27/08,H,Manchester United,Tottenham Hotspur,3:1,RW,88,3:1,Right-footed shot,Ryan Giggs
80,07/08,Premier League,24,1/30/08,H,Manchester United,Portsmouth FC,2:0,RW,10,1:0,Right-footed shot,Nani
81,07/08,Premier League,24,1/30/08,H,Manchester United,Portsmouth FC,2:0,RW,12,2:0,Direct free kick,
82,07/08,Premier League,27,2/23/08,A,Manchester United,Newcastle United,1:5,RW,45,0:2,Right-footed shot,Michael Carrick
83,07/08,Premier League,27,2/23/08,A,Manchester United,Newcastle United,1:5,RW,56,0:3,Right-footed shot,
84,07/08,UEFA Champions League,last 16,3/4/08,H,Manchester United,Olympique Lyon,1:0,RW,41,1:0,Left-footed shot,
85,07/08,Premier League,29,3/15/08,A,Manchester United,Derby County,0:1,,76,0:1,Right-footed shot,Wayne Rooney
86,07/08,Premier League,30,3/19/08,H,Manchester United,Bolton Wanderers,2:0,,8,1:0,Right-footed shot,
87,07/08,Premier League,30,3/19/08,H,Manchester United,Bolton Wanderers,2:0,,19,2:0,Direct free kick,
88,07/08,Premier League,31,3/23/08,H,Manchester United,Liverpool FC,3:0,RW,79,2:0,Header,Nani
89,07/08,Premier League,32,3/29/08,H,Manchester United,Aston Villa,4:0,RW,16,1:0,Right-footed shot,
90,07/08,UEFA Champions League,Quarter-Finals,4/1/08,A,Manchester United,AS Roma,0:2,RW,39,0:1,Header,Paul Scholes
91,07/08,Premier League,33,4/6/08,A,Manchester United,Middlesbrough FC,2:2,RW,9,0:1,Left-footed shot,Michael Carrick
92,07/08,Premier League,34,4/13/08,H,Manchester United,Arsenal FC,2:1,RW,53,1:1,Penalty,
93,07/08,Premier League,37,5/3/08,H,Manchester United,West Ham United,4:1,RW,3,1:0,Right-footed shot,Edwin van der Sar
94,07/08,Premier League,37,5/3/08,H,Manchester United,West Ham United,4:1,RW,24,2:0,Right-footed shot,Owen Hargreaves
95,07/08,Premier League,38,5/11/08,A,Manchester United,Wigan Athletic,0:2,RW,32,0:1,Penalty,
96,07/08,UEFA Champions League,Final,5/21/08,H,Manchester United,Chelsea FC,6:5 on pens,LW,26,1:0,Header,Wes Brown
97,08/09,EFL Cup,Third Round,9/23/08,H,Manchester United,Middlesbrough FC,3:1,,25,1:0,Header,Ryan Giggs
98,08/09,Premier League,6,9/27/08,H,Manchester United,Bolton Wanderers,2:0,RW,59,1:0,Penalty,
99,08/09,Premier League,8,10/18/08,H,Manchester United,West Bromwich Albion,4:0,RW,69,2:0,Left-footed shot,Wayne Rooney
100,08/09,Premier League,10,10/29/08,H,Manchester United,West Ham United,2:0,RW,14,1:0,Left-footed shot,Nani
101,08/09,Premier League,10,10/29/08,H,Manchester United,West Ham United,2:0,RW,30,2:0,Right-footed shot,Dimitar Berbatov
102,08/09,Premier League,11,11/1/08,H,Manchester United,Hull City,4:3,RW,3,1:0,Left-footed shot,Dimitar Berbatov
103,08/09,Premier League,11,11/1/08,H,Manchester United,Hull City,4:3,RW,43,3:1,Header,Nani
104,08/09,Premier League,13,11/15/08,H,Manchester United,Stoke City,5:0,RW,3,1:0,Direct free kick,
105,08/09,Premier League,13,11/15/08,H,Manchester United,Stoke City,5:0,RW,88,5:0,Direct free kick,
106,08/09,FIFA Club World Cup,Semi-Finals,12/18/08,A,Manchester United,Gamba Osaka,3:5,LW,45+1,0:2,Header,Ryan Giggs
107,08/09,EFL Cup,Semi-Finals,1/20/09,H,Manchester United,Derby County,4:2,,89,4:1,Penalty,
108,08/09,Premier League,23,1/27/09,A,Manchester United,West Bromwich Albion,0:5,LW,65,0:4,Right-footed shot,Ryan Giggs
109,08/09,Premier League,23,1/27/09,A,Manchester United,West Bromwich Albion,0:5,LW,73,0:5,Right-footed shot,Dimitar Berbatov
110,08/09,Premier League,24,1/31/09,H,Manchester United,Everton FC,1:0,LW,43,1:0,Penalty,
111,08/09,FA Cup,Fifth Round,2/15/09,A,Manchester United,Derby County,1:4,CF,68,1:3,Header,Ryan Giggs
112,08/09,Premier League,26,2/21/09,H,Manchester United,Blackburn Rovers,2:1,,60,2:1,Direct free kick,
113,08/09,UEFA Champions League,last 16,3/11/09,H,Manchester United,FC Internazionale,2:0,RW,49,2:0,Header,Wayne Rooney
114,08/09,Premier League,29,3/14/09,H,Manchester United,Liverpool FC,1:4,RW,22,1:0,Penalty,
115,08/09,Premier League,31,4/5/09,H,Manchester United,Aston Villa,3:2,RW,11,1:0,Direct free kick,
116,08/09,Premier League,31,4/5/09,H,Manchester United,Aston Villa,3:2,RW,80,2:2,Left-footed shot,Michael Carrick
117,08/09,UEFA Champions League,Quarter-Finals,4/15/09,A,Manchester United,FC Porto,0:1,RW,6,0:1,Long distance kick,Anderson
118,08/09,Premier League,34,4/25/09,H,Manchester United,Tottenham Hotspur,5:2,RW,57,1:2,Penalty,
119,08/09,Premier League,34,4/25/09,H,Manchester United,Tottenham Hotspur,5:2,RW,68,3:2,Header,Wayne Rooney
120,08/09,UEFA Champions League,Semi-Finals,5/5/09,A,Manchester United,Arsenal FC,1:3,CF,11,0:2,Direct free kick,
121,08/09,UEFA Champions League,Semi-Finals,5/5/09,A,Manchester United,Arsenal FC,1:3,CF,61,0:3,Right-footed shot,Wayne Rooney
122,08/09,Premier League,36,5/10/09,H,Manchester United,Manchester City,2:0,RW,17,1:0,Direct free kick,
123,09/10,LaLiga,1,8/29/09,H,Real Madrid,Deportivo de La CoruÃ±a,3:2,RW,35,2:1,Penalty,
124,09/10,LaLiga,2,9/12/09,A,Real Madrid,RCD Espanyol Barcelona,0:3,,90,0:3,Right-footed shot,Guti
125,09/10,UEFA Champions League,Group Stage,9/15/09,A,Real Madrid,FC ZÃ¼rich,2:5,CF,27,0:1,Direct free kick,
126,09/10,UEFA Champions League,Group Stage,9/15/09,A,Real Madrid,FC ZÃ¼rich,2:5,CF,89,2:4,Direct free kick,
127,09/10,LaLiga,3,9/20/09,H,Real Madrid,Xerez CD,5:0,RW,1,1:0,Right-footed shot,
128,09/10,LaLiga,3,9/20/09,H,Real Madrid,Xerez CD,5:0,RW,75,2:0,Header,Esteban Granero
129,09/10,LaLiga,4,9/23/09,A,Real Madrid,Villarreal CF,0:2,CF,2,0:1,Right-footed shot,
130,09/10,UEFA Champions League,Group Stage,9/30/09,H,Real Madrid,Olympique Marseille,3:0,CF,58,1:0,Left-footed shot,Pepe
131,09/10,UEFA Champions League,Group Stage,9/30/09,H,Real Madrid,Olympique Marseille,3:0,CF,64,3:0,Right-footed shot,Karim Benzema
132,09/10,LaLiga,13,12/5/09,H,Real Madrid,UD Almeria,4:2,CF,84,4:2,Right-footed shot,Gonzalo Higuain
133,09/10,UEFA Champions League,Group Stage,12/8/09,A,Real Madrid,Olympique Marseille,1:3,CF,5,0:1,Direct free kick,
134,09/10,UEFA Champions League,Group Stage,12/8/09,A,Real Madrid,Olympique Marseille,1:3,CF,80,1:3,Right-footed shot,Lassana Diarra
135,09/10,LaLiga,15,12/19/09,H,Real Madrid,Real Zaragoza,6:0,CF,50,5:0,Left-footed shot,Ezequiel Garay
136,09/10,LaLiga,19,1/24/10,H,Real Madrid,Malaga CF,2:0,RW,35,1:0,Right-footed shot,Kaka
137,09/10,LaLiga,19,1/24/10,H,Real Madrid,Malaga CF,2:0,RW,39,2:0,Right-footed shot,Guti
138,09/10,LaLiga,22,2/13/10,A,Real Madrid,Xerez CD,0:3,,69,0:2,Header,Kaka
139,09/10,LaLiga,22,2/13/10,A,Real Madrid,Xerez CD,0:3,,71,0:3,Left-footed shot,Kaka
140,09/10,LaLiga,23,2/21/10,H,Real Madrid,Villarreal CF,6:2,,18,1:0,Direct free kick,
141,09/10,LaLiga,24,2/27/10,A,Real Madrid,CD Tenerife,1:5,,78,1:4,Penalty,
142,09/10,LaLiga,25,3/6/10,H,Real Madrid,Sevilla FC,3:2,CF,59,1:2,Left-footed shot,
143,09/10,UEFA Champions League,last 16,3/10/10,H,Real Madrid,Olympique Lyon,1:1,LW,6,1:0,Left-footed shot,Guti
144,09/10,LaLiga,26,3/14/10,A,Real Madrid,Real Valladolid CF,1:4,CF,29,0:1,Direct free kick,
145,09/10,LaLiga,28,3/25/10,A,Real Madrid,Getafe CF,2:4,,13,0:1,Direct free kick,
146,09/10,LaLiga,28,3/25/10,A,Real Madrid,Getafe CF,2:4,,36,0:4,Right-footed shot,
147,09/10,LaLiga,30,4/4/10,A,Real Madrid,Racing Santander,0:2,,23,0:1,Penalty,
148,09/10,LaLiga,32,4/15/10,A,Real Madrid,UD Almeria,1:2,,26,1:1,Left-footed shot,
149,09/10,LaLiga,33,4/18/10,H,Real Madrid,Valencia CF,2:0,CF,77,2:0,Right-footed shot,Marcelo
150,09/10,LaLiga,35,5/2/10,H,Real Madrid,CA Osasuna,3:2,,25,1:1,Right-footed shot,
151,09/10,LaLiga,35,5/2/10,H,Real Madrid,CA Osasuna,3:2,,89,3:2,Header,Gonzalo Higuain
152,09/10,LaLiga,36,5/5/10,A,Real Madrid,RCD Mallorca,1:4,,26,1:1,Right-footed shot,Sergio Ramos
153,09/10,LaLiga,36,5/5/10,A,Real Madrid,RCD Mallorca,1:4,,56,1:2,Right-footed shot,Sergio Ramos
154,09/10,LaLiga,36,5/5/10,A,Real Madrid,RCD Mallorca,1:4,,71,1:3,Right-footed shot,
155,09/10,LaLiga,37,5/8/10,H,Real Madrid,Athletic Bilbao,5:1,CF,21,1:0,Penalty,
156,10/11,LaLiga,4,9/21/10,H,Real Madrid,RCD Espanyol Barcelona,3:0,LW,28,1:0,Penalty,
157,10/11,LaLiga,6,10/3/10,H,Real Madrid,Deportivo de La CoruÃ±a,6:1,LW,4,1:0,Header,Mesut Ozil
158,10/11,LaLiga,6,10/3/10,H,Real Madrid,Deportivo de La CoruÃ±a,6:1,LW,89,6:1,Left-footed shot,Xabi Alonso
159,10/11,LaLiga,7,10/16/10,A,Real Madrid,Malaga CF,1:4,LW,45,0:2,Right-footed shot,Mesut Ozil
160,10/11,LaLiga,7,10/16/10,A,Real Madrid,Malaga CF,1:4,LW,50,0:3,Penalty,
161,10/11,UEFA Champions League,Group Stage,10/19/10,H,Real Madrid,AC Milan,2:0,LW,13,1:0,Direct free kick,
162,10/11,LaLiga,8,10/23/10,H,Real Madrid,Racing Santander,6:1,LW,15,2:0,Right-footed shot,Gonzalo Higuain
163,10/11,LaLiga,8,10/23/10,H,Real Madrid,Racing Santander,6:1,LW,26,3:0,Left-footed shot,Mesut Ozil
164,10/11,LaLiga,8,10/23/10,H,Real Madrid,Racing Santander,6:1,LW,47,4:0,Right-footed shot,Angel Di Maria
165,10/11,LaLiga,8,10/23/10,H,Real Madrid,Racing Santander,6:1,LW,55,5:0,Penalty,
166,10/11,LaLiga,9,10/30/10,A,Real Madrid,Hercules CF,1:3,LW,82,1:2,Right-footed shot,Karim Benzema
167,10/11,LaLiga,9,10/30/10,A,Real Madrid,Hercules CF,1:3,LW,86,1:3,Right-footed shot,Karim Benzema
168,10/11,Copa del Rey,4th round,11/10/10,H,Real Madrid,Real Murcia CF,5:1,,76,3:0,Left-footed shot,Angel Di Maria
169,10/11,LaLiga,12,11/20/10,H,Real Madrid,Athletic Bilbao,5:1,LW,30,2:0,Left-footed shot,Mesut Ozil
170,10/11,LaLiga,12,11/20/10,H,Real Madrid,Athletic Bilbao,5:1,LW,62,4:1,Direct free kick,
171,10/11,LaLiga,12,11/20/10,H,Real Madrid,Athletic Bilbao,5:1,LW,90+1,5:1,Penalty,
172,10/11,UEFA Champions League,Group Stage,11/23/10,A,Real Madrid,Ajax Amsterdam,0:4,LW,70,0:3,Left-footed shot,Angel Di Maria
173,10/11,UEFA Champions League,Group Stage,11/23/10,A,Real Madrid,Ajax Amsterdam,0:4,LW,81,0:4,Penalty,
174,10/11,LaLiga,14,12/4/10,H,Real Madrid,Valencia CF,2:0,LW,72,1:0,Left-footed shot,Mesut Ozil
175,10/11,LaLiga,14,12/4/10,H,Real Madrid,Valencia CF,2:0,LW,86,2:0,Right-footed shot,
176,10/11,UEFA Champions League,Group Stage,12/8/10,H,Real Madrid,AJ Auxerre,4:0,LW,49,2:0,Right-footed shot,Marcelo
177,10/11,LaLiga,15,12/12/10,A,Real Madrid,Real Zaragoza,1:3,LW,43,0:2,Direct free kick,
178,10/11,Copa del Rey,last 16,12/22/10,H,Real Madrid,Levante UD,8:0,LW,44,4:0,Right-footed shot,Karim Benzema
179,10/11,Copa del Rey,last 16,12/22/10,H,Real Madrid,Levante UD,8:0,LW,71,6:0,Right-footed shot,Angel Di Maria
180,10/11,Copa del Rey,last 16,12/22/10,H,Real Madrid,Levante UD,8:0,LW,73,7:0,Right-footed shot,Karim Benzema
181,10/11,LaLiga,17,1/3/11,A,Real Madrid,Getafe CF,2:3,LW,11,0:1,Penalty,
182,10/11,LaLiga,17,1/3/11,A,Real Madrid,Getafe CF,2:3,LW,57,1:3,Right-footed shot,Karim Benzema
183,10/11,LaLiga,18,1/9/11,H,Real Madrid,Villarreal CF,4:2,LW,10,1:1,Right-footed shot,Mesut Ozil
184,10/11,LaLiga,18,1/9/11,H,Real Madrid,Villarreal CF,4:2,LW,45,2:2,Header,Xabi Alonso
185,10/11,LaLiga,18,1/9/11,H,Real Madrid,Villarreal CF,4:2,LW,79,3:2,Left-footed shot,Kaka
186,10/11,Copa del Rey,Quarter-Finals,1/13/11,H,Real Madrid,Atletico de Madrid,3:1,LW,60,2:1,Right-footed shot,Mesut Ozil
187,10/11,Copa del Rey,Quarter-Finals,1/20/11,A,Real Madrid,Atletico de Madrid,0:1,CF,22,0:1,Right-footed shot,Sergio Ramos
188,10/11,LaLiga,22,2/6/11,H,Real Madrid,Real Sociedad,4:1,LW,20,2:0,Left-footed shot,Kaka
189,10/11,LaLiga,22,2/6/11,H,Real Madrid,Real Sociedad,4:1,LW,42,3:0,Header,Mesut Ozil
190,10/11,LaLiga,26,3/3/11,H,Real Madrid,Malaga CF,7:0,LW,50,4:0,Left-footed shot,Mesut Ozil
191,10/11,LaLiga,26,3/3/11,H,Real Madrid,Malaga CF,7:0,LW,67,6:0,Penalty,
192,10/11,LaLiga,26,3/3/11,H,Real Madrid,Malaga CF,7:0,LW,76,7:0,Right-footed shot,Sergio Canales
193,10/11,UEFA Champions League,Quarter-Finals,4/5/11,H,Real Madrid,Tottenham Hotspur,4:0,LW,87,4:0,Right-footed shot,Kaka
194,10/11,LaLiga,31,4/9/11,A,Real Madrid,Athletic Bilbao,0:3,CF,70,0:3,Right-footed shot,Esteban Granero
195,10/11,UEFA Champions League,Quarter-Finals,4/13/11,A,Real Madrid,Tottenham Hotspur,0:1,RW,50,0:1,Right-footed shot,Sami Khedira
196,10/11,LaLiga,32,4/16/11,H,Real Madrid,FC Barcelona,1:1,LW,82,1:1,Penalty,
197,10/11,Copa del Rey,Final,4/20/11,A,Real Madrid,FC Barcelona,0:1 AET,CF,103,0:1,Header,Angel Di Maria
198,10/11,LaLiga,35,5/7/11,A,Real Madrid,Sevilla FC,2:6,LW,30,0:2,Right-footed shot,Pepe
199,10/11,LaLiga,35,5/7/11,A,Real Madrid,Sevilla FC,2:6,LW,64,1:4,Right-footed shot,
200,10/11,LaLiga,35,5/7/11,A,Real Madrid,Sevilla FC,2:6,LW,70,1:5,Right-footed shot,Mesut Ozil
201,10/11,LaLiga,35,5/7/11,A,Real Madrid,Sevilla FC,2:6,LW,76,1:6,Right-footed shot,Karim Benzema
202,10/11,LaLiga,36,5/10/11,H,Real Madrid,Getafe CF,4:0,LW,23,1:0,Header,Mesut Ozil
203,10/11,LaLiga,36,5/10/11,H,Real Madrid,Getafe CF,4:0,LW,57,2:0,Left-footed shot,Mesut Ozil
204,10/11,LaLiga,36,5/10/11,H,Real Madrid,Getafe CF,4:0,LW,90+1,4:0,Penalty,
205,10/11,LaLiga,37,5/15/11,A,Real Madrid,Villarreal CF,1:3,CF,22,0:2,Direct free kick,
206,10/11,LaLiga,37,5/15/11,A,Real Madrid,Villarreal CF,1:3,CF,90,1:3,Direct free kick,
207,10/11,LaLiga,38,5/21/11,H,Real Madrid,UD Almeria,8:1,LW,4,1:0,Right-footed shot,Sergio Ramos
208,10/11,LaLiga,38,5/21/11,H,Real Madrid,UD Almeria,8:1,LW,76,7:1,Right-footed shot,Sergio Ramos
209,11/12,Supercopa,final,8/17/11,A,Real Madrid,FC Barcelona,3:2,LW,20,1:1,Right-footed shot,Karim Benzema
210,11/12,LaLiga,2,8/28/11,A,Real Madrid,Real Zaragoza,0:6,LW,23,0:1,Left-footed shot,Mesut Ozil
211,11/12,LaLiga,2,8/28/11,A,Real Madrid,Real Zaragoza,0:6,LW,70,0:4,Right-footed shot,Angel Di Maria
212,11/12,LaLiga,2,8/28/11,A,Real Madrid,Real Zaragoza,0:6,LW,86,0:6,Right-footed shot,Kaka
213,11/12,LaLiga,3,9/10/11,H,Real Madrid,Getafe CF,4:2,LW,59,2:1,Penalty,
214,11/12,LaLiga,6,9/24/11,H,Real Madrid,Rayo Vallecano,6:2,LW,39,1:1,Left-footed shot,Kaka
215,11/12,LaLiga,6,9/24/11,H,Real Madrid,Rayo Vallecano,6:2,LW,51,3:1,Penalty,
216,11/12,LaLiga,6,9/24/11,H,Real Madrid,Rayo Vallecano,6:2,LW,84,6:2,Penalty,
217,11/12,UEFA Champions League,Group Stage,9/27/11,H,Real Madrid,Ajax Amsterdam,3:0,LW,25,1:0,Right-footed shot,Karim Benzema
218,11/12,LaLiga,9,10/22/11,A,Real Madrid,Malaga CF,0:4,LW,24,0:2,Left-footed shot,Angel Di Maria
219,11/12,LaLiga,9,10/22/11,A,Real Madrid,Malaga CF,0:4,LW,28,0:3,Right-footed shot,Xabi Alonso
220,11/12,LaLiga,9,10/22/11,A,Real Madrid,Malaga CF,0:4,LW,38,0:4,Right-footed shot,Sergio Ramos
221,11/12,UEFA Champions League,Group Stage,11/2/11,A,Real Madrid,Olympique Lyon,0:2,LW,25,0:1,Direct free kick,
222,11/12,UEFA Champions League,Group Stage,11/2/11,A,Real Madrid,Olympique Lyon,0:2,LW,69,0:2,Penalty,
223,11/12,LaLiga,12,11/6/11,H,Real Madrid,CA Osasuna,7:1,LW,23,1:0,Header,Angel Di Maria
224,11/12,LaLiga,12,11/6/11,H,Real Madrid,CA Osasuna,7:1,LW,55,4:1,Penalty,
225,11/12,LaLiga,12,11/6/11,H,Real Madrid,CA Osasuna,7:1,LW,58,5:1,Header,alvaro Arbeloa
226,11/12,LaLiga,13,11/19/11,A,Real Madrid,Valencia CF,2:3,LW,79,1:3,Right-footed shot,Pepe
227,11/12,LaLiga,14,11/26/11,H,Real Madrid,Atletico de Madrid,4:1,LW,24,1:1,Penalty,
228,11/12,LaLiga,14,11/26/11,H,Real Madrid,Atletico de Madrid,4:1,LW,82,4:1,Penalty,
229,11/12,LaLiga,15,12/3/11,A,Real Madrid,Sporting GijÃ³n,0:3,LW,65,0:2,Right-footed shot,Angel Di Maria
230,11/12,Copa del Rey,4th round,12/13/11,A,Real Madrid,SD Ponferradina,0:2,LW,74,0:2,Left-footed shot,Gonzalo Higuain
231,11/12,LaLiga,17,12/17/11,A,Real Madrid,Sevilla FC,2:6,LW,10,0:1,Right-footed shot,Angel Di Maria
232,11/12,LaLiga,17,12/17/11,A,Real Madrid,Sevilla FC,2:6,LW,41,0:3,Right-footed shot,Karim Benzema
233,11/12,LaLiga,17,12/17/11,A,Real Madrid,Sevilla FC,2:6,LW,86,1:5,Penalty,
234,11/12,LaLiga,18,1/7/12,H,Real Madrid,Granada CF,5:1,LW,89,5:1,Right-footed shot,
235,11/12,Copa del Rey,Quarter-Finals,1/18/12,H,Real Madrid,FC Barcelona,1:2,LW,11,1:0,Left-footed shot,Karim Benzema
236,11/12,LaLiga,1,1/22/12,H,Real Madrid,Athletic Bilbao,4:1,LW,46,2:1,Penalty,
237,11/12,LaLiga,1,1/22/12,H,Real Madrid,Athletic Bilbao,4:1,LW,67,3:1,Penalty,
238,11/12,Copa del Rey,Quarter-Finals,1/25/12,A,Real Madrid,FC Barcelona,2:2,LW,68,2:1,Right-footed shot,Mesut Ozil
239,11/12,LaLiga,21,1/28/12,H,Real Madrid,Real Zaragoza,3:1,LW,48,2:1,Right-footed shot,Mesut Ozil
240,11/12,LaLiga,23,2/12/12,H,Real Madrid,Levante UD,4:2,LW,45,1:1,Penalty,
241,11/12,LaLiga,23,2/12/12,H,Real Madrid,Levante UD,4:2,LW,50,2:1,Header,Gonzalo Higuain
242,11/12,LaLiga,23,2/12/12,H,Real Madrid,Levante UD,4:2,LW,57,3:1,Right-footed shot,Fabio CoentrÃ£o
243,11/12,LaLiga,24,2/18/12,H,Real Madrid,Racing Santander,4:0,LW,6,1:0,Header,Kaka
244,11/12,UEFA Champions League,last 16,2/21/12,A,Real Madrid,CSKA Moscow,1:1,LW,28,0:1,Left-footed shot,Fabio CoentrÃ£o
245,11/12,LaLiga,25,2/26/12,A,Real Madrid,Rayo Vallecano,0:1,LW,53,0:1,Right-footed shot,
246,11/12,LaLiga,26,3/4/12,H,Real Madrid,RCD Espanyol Barcelona,5:0,LW,23,1:0,Left-footed shot,Gonzalo Higuain
247,11/12,LaLiga,27,3/10/12,A,Real Madrid,Real Betis Balompie,2:3,LW,52,1:2,Left-footed shot,Marcelo
248,11/12,LaLiga,27,3/10/12,A,Real Madrid,Real Betis Balompie,2:3,LW,73,2:3,Left-footed shot,
249,11/12,UEFA Champions League,last 16,3/14/12,H,Real Madrid,CSKA Moscow,4:1,LW,55,2:0,Right-footed shot,Sergio Ramos
250,11/12,UEFA Champions League,last 16,3/14/12,H,Real Madrid,CSKA Moscow,4:1,LW,90+4,4:1,Right-footed shot,Karim Benzema
251,11/12,LaLiga,29,3/21/12,A,Real Madrid,Villarreal CF,1:1,LW,61,0:1,Right-footed shot,Mesut Ozil
252,11/12,LaLiga,30,3/24/12,H,Real Madrid,Real Sociedad,5:1,LW,32,2:0,Right-footed shot,Kaka
253,11/12,LaLiga,30,3/24/12,H,Real Madrid,Real Sociedad,5:1,LW,55,5:1,Right-footed shot,Gonzalo Higuain
254,11/12,LaLiga,31,3/31/12,A,Real Madrid,CA Osasuna,1:5,LW,37,0:2,Long distance kick,Xabi Alonso
255,11/12,LaLiga,31,3/31/12,A,Real Madrid,CA Osasuna,1:5,LW,70,1:4,Direct free kick,
256,11/12,UEFA Champions League,Quarter-Finals,4/4/12,H,Real Madrid,APOEL Nicosia,5:2,LW,26,1:0,Right-footed shot,Marcelo
257,11/12,UEFA Champions League,Quarter-Finals,4/4/12,H,Real Madrid,APOEL Nicosia,5:2,LW,75,3:1,Direct free kick,
258,11/12,LaLiga,33,4/11/12,A,Real Madrid,Atletico de Madrid,1:4,LW,24,0:1,Direct free kick,
259,11/12,LaLiga,33,4/11/12,A,Real Madrid,Atletico de Madrid,1:4,LW,67,1:2,Long distance kick,
260,11/12,LaLiga,33,4/11/12,A,Real Madrid,Atletico de Madrid,1:4,LW,82,1:3,Penalty,
261,11/12,LaLiga,34,4/14/12,H,Real Madrid,Sporting GijÃ³n,3:1,LW,74,2:1,Header,Angel Di Maria
262,11/12,LaLiga,35,4/21/12,A,Real Madrid,FC Barcelona,1:2,LW,73,1:2,Right-footed shot,Mesut Ozil
263,11/12,UEFA Champions League,Semi-Finals,4/25/12,H,Real Madrid,Bayern Munich,3:4 on pens,LW,6,1:0,Penalty,
264,11/12,UEFA Champions League,Semi-Finals,4/25/12,H,Real Madrid,Bayern Munich,3:4 on pens,LW,14,2:0,Right-footed shot,Mesut Ozil
265,11/12,LaLiga,36,4/29/12,H,Real Madrid,Sevilla FC,3:0,LW,19,1:0,Right-footed shot,Karim Benzema
266,11/12,LaLiga,20,5/2/12,A,Real Madrid,Athletic Bilbao,0:3,LW,49,0:3,Header,Xabi Alonso
267,11/12,LaLiga,37,5/5/12,A,Real Madrid,Granada CF,1:2,LW,81,1:1,Penalty,
268,11/12,LaLiga,38,5/13/12,H,Real Madrid,RCD Mallorca,4:1,LW,18,1:0,Header,Marcelo
269,12/13,Supercopa,final,8/23/12,A,Real Madrid,FC Barcelona,3:2,LW,55,0:1,Header,Mesut Ozil
270,12/13,Supercopa,final,8/29/12,H,Real Madrid,FC Barcelona,2:1,LW,19,2:0,Right-footed shot,Sami Khedira
271,12/13,LaLiga,3,9/2/12,H,Real Madrid,Granada CF,3:0,LW,25,1:0,Right-footed shot,Jose CallejÃ³n
272,12/13,LaLiga,3,9/2/12,H,Real Madrid,Granada CF,3:0,LW,53,2:0,Left-footed shot,
273,12/13,UEFA Champions League,Group Stage,9/18/12,H,Real Madrid,Manchester City,3:2,LW,90,3:2,Right-footed shot,Marcelo
274,12/13,LaLiga,5,9/24/12,A,Real Madrid,Rayo Vallecano,0:2,LW,69,0:2,Penalty,
275,12/13,LaLiga,6,9/30/12,H,Real Madrid,Deportivo de La CoruÃ±a,5:1,LW,23,1:1,Penalty,
276,12/13,LaLiga,6,9/30/12,H,Real Madrid,Deportivo de La CoruÃ±a,5:1,LW,44,3:1,Header,Sergio Ramos
277,12/13,LaLiga,6,9/30/12,H,Real Madrid,Deportivo de La CoruÃ±a,5:1,LW,84,5:1,Penalty,
278,12/13,UEFA Champions League,Group Stage,10/3/12,A,Real Madrid,Ajax Amsterdam,1:4,LW,42,0:1,Right-footed shot,Karim Benzema
279,12/13,UEFA Champions League,Group Stage,10/3/12,A,Real Madrid,Ajax Amsterdam,1:4,LW,79,1:3,Right-footed shot,Karim Benzema
280,12/13,UEFA Champions League,Group Stage,10/3/12,A,Real Madrid,Ajax Amsterdam,1:4,LW,81,1:4,Left-footed shot,Sami Khedira
281,12/13,LaLiga,7,10/7/12,A,Real Madrid,FC Barcelona,2:2,LW,22,0:1,Left-footed shot,Karim Benzema
282,12/13,LaLiga,7,10/7/12,A,Real Madrid,FC Barcelona,2:2,LW,66,2:2,Right-footed shot,Mesut Ozil
283,12/13,LaLiga,8,10/20/12,H,Real Madrid,Celta de Vigo,2:0,LW,67,2:0,Penalty,
284,12/13,UEFA Champions League,Group Stage,10/24/12,A,Real Madrid,Borussia Dortmund,2:1,LW,38,1:1,Right-footed shot,Mesut Ozil
285,12/13,LaLiga,9,10/28/12,A,Real Madrid,RCD Mallorca,0:5,LW,22,0:2,Right-footed shot,Gonzalo Higuain
286,12/13,LaLiga,9,10/28/12,A,Real Madrid,RCD Mallorca,0:5,LW,73,0:4,Right-footed shot,Gonzalo Higuain
287,12/13,LaLiga,11,11/11/12,A,Real Madrid,Levante UD,1:2,CF,20,0:1,Right-footed shot,
288,12/13,LaLiga,14,12/1/12,H,Real Madrid,Atletico de Madrid,2:0,LW,16,1:0,Direct free kick,
289,12/13,UEFA Champions League,Group Stage,12/4/12,H,Real Madrid,Ajax Amsterdam,4:1,LW,13,1:0,Right-footed shot,Karim Benzema
290,12/13,Copa del Rey,last 16,12/12/12,A,Real Madrid,Celta de Vigo,2:1,LW,87,2:1,Left-footed shot,Xabi Alonso
291,12/13,LaLiga,16,12/16/12,H,Real Madrid,RCD Espanyol Barcelona,2:2,CF,45,1:1,Right-footed shot,Sami Khedira
292,12/13,LaLiga,18,1/6/13,H,Real Madrid,Real Sociedad,4:3,LW ,67,3:2,Left-footed shot,Karim Benzema
293,12/13,LaLiga,18,1/6/13,H,Real Madrid,Real Sociedad,4:3,LW ,70,4:2,Direct free kick,
294,12/13,Copa del Rey,last 16,1/9/13,H,Real Madrid,Celta de Vigo,4:0,LW,2,1:0,Right-footed shot,alvaro Arbeloa
295,12/13,Copa del Rey,last 16,1/9/13,H,Real Madrid,Celta de Vigo,4:0,LW,24,2:0,Left-footed shot,Luka Modric
296,12/13,Copa del Rey,last 16,1/9/13,H,Real Madrid,Celta de Vigo,4:0,LW,87,3:0,Left-footed shot,Gonzalo Higuain
297,12/13,LaLiga,20,1/20/13,A,Real Madrid,Valencia CF,0:5,LW,35,0:3,Left-footed shot,Fabio CoentrÃ£o
298,12/13,LaLiga,20,1/20/13,A,Real Madrid,Valencia CF,0:5,LW,41,0:4,Right-footed shot,Mesut Ozil
299,12/13,LaLiga,21,1/27/13,H,Real Madrid,Getafe CF,4:0,LW,62,2:0,Left-footed shot,Mesut Ozil
300,12/13,LaLiga,21,1/27/13,H,Real Madrid,Getafe CF,4:0,LW,65,3:0,Header,Angel Di Maria
301,12/13,LaLiga,21,1/27/13,H,Real Madrid,Getafe CF,4:0,LW,72,4:0,Penalty,
302,12/13,LaLiga,23,2/9/13,H,Real Madrid,Sevilla FC,4:1,LW,26,2:0,Left-footed shot,Kaka
303,12/13,LaLiga,23,2/9/13,H,Real Madrid,Sevilla FC,4:1,LW,46,3:0,Left-footed shot,alvaro Arbeloa
304,12/13,LaLiga,23,2/9/13,H,Real Madrid,Sevilla FC,4:1,LW,59,4:0,Right-footed shot,Gonzalo Higuain
305,12/13,UEFA Champions League,last 16,2/13/13,H,Real Madrid,Manchester United,1:1,LW,30,1:1,Header,Angel Di Maria
306,12/13,Copa del Rey,Semi-Finals,2/26/13,A,Real Madrid,FC Barcelona,1:3,LW,12,0:1,Penalty,
307,12/13,Copa del Rey,Semi-Finals,2/26/13,A,Real Madrid,FC Barcelona,1:3,LW,57,0:2,Left-footed shot,
308,12/13,UEFA Champions League,last 16,3/5/13,A,Real Madrid,Manchester United,1:2,LW,69,1:2,Right-footed shot,Gonzalo Higuain
309,12/13,LaLiga,27,3/10/13,A,Real Madrid,Celta de Vigo,1:2,LW,61,0:1,Left-footed shot,Jose CallejÃ³n
310,12/13,LaLiga,27,3/10/13,A,Real Madrid,Celta de Vigo,1:2,LW,71,1:2,Penalty,
311,12/13,LaLiga,28,3/16/13,H,Real Madrid,RCD Mallorca,5:2,LW,52,2:2,Header,Mesut Ozil
312,12/13,LaLiga,29,3/30/13,A,Real Madrid,Real Zaragoza,1:1,LW,38,1:1,Long distance kick,
313,12/13,UEFA Champions League,Quarter-Finals,4/3/13,H,Real Madrid,Galatasaray,3:0,LW,9,1:0,Left-footed shot,Mesut Ozil
314,12/13,LaLiga,30,4/6/13,H,Real Madrid,Levante UD,5:1,CF,84,3:1,Right-footed shot,Gonzalo Higuain
315,12/13,UEFA Champions League,Quarter-Finals,4/9/13,A,Real Madrid,Galatasaray,3:2,LW,8,0:1,Right-footed shot,Sami Khedira
316,12/13,UEFA Champions League,Quarter-Finals,4/9/13,A,Real Madrid,Galatasaray,3:2,LW,90+2,3:2,Right-footed shot,Karim Benzema
317,12/13,LaLiga,31,4/14/13,A,Real Madrid,Athletic Bilbao,0:3,LW,2,0:1,Direct free kick,
318,12/13,LaLiga,31,4/14/13,A,Real Madrid,Athletic Bilbao,0:3,LW,68,0:2,Header,Xabi Alonso
319,12/13,UEFA Champions League,Semi-Finals,4/24/13,A,Real Madrid,Borussia Dortmund,4:1,LW,43,1:1,Right-footed shot,Gonzalo Higuain
320,12/13,LaLiga,34,5/4/13,H,Real Madrid,Real Valladolid CF,4:3,LW,32,2:1,Header,Angel Di Maria
321,12/13,LaLiga,34,5/4/13,H,Real Madrid,Real Valladolid CF,4:3,LW,70,4:2,Header,Mesut Ozil
322,12/13,LaLiga,36,5/8/13,H,Real Madrid,Malaga CF,6:2,LW ,26,2:1,Right-footed shot,Xabi Alonso
323,12/13,Copa del Rey,Final,5/17/13,A,Real Madrid,Atletico de Madrid,2:1 AET,LW,14,0:1,Header,Luka Modric
324,13/14,LaLiga,3,9/1/13,H,Real Madrid,Athletic Bilbao,3:1,LW,45,2:0,Header,Angel Di Maria
325,13/14,LaLiga,4,9/14/13,A,Real Madrid,Villarreal CF,2:2,LW,64,1:2,Right-footed shot,
326,13/14,UEFA Champions League,Group Stage,9/17/13,A,Real Madrid,Galatasaray,1:6,LW,63,0:3,Left-footed shot,Isco
327,13/14,UEFA Champions League,Group Stage,9/17/13,A,Real Madrid,Galatasaray,1:6,LW,66,0:4,Tap-in,Sergio Ramos
328,13/14,UEFA Champions League,Group Stage,9/17/13,A,Real Madrid,Galatasaray,1:6,LW,90,1:6,Left-footed shot,Karim Benzema
329,13/14,LaLiga,5,9/22/13,H,Real Madrid,Getafe CF,4:1,LW,34,2:1,Penalty,
330,13/14,LaLiga,5,9/22/13,H,Real Madrid,Getafe CF,4:1,LW,90,4:1,Right-footed shot,Sami Khedira
331,13/14,LaLiga,6,9/25/13,A,Real Madrid,Elche CF,1:2,LW,51,0:1,Direct free kick,
332,13/14,LaLiga,6,9/25/13,A,Real Madrid,Elche CF,1:2,LW,90+6,1:2,Penalty,
333,13/14,UEFA Champions League,Group Stage,10/2/13,H,Real Madrid,FC Copenhagen,4:0,LW,21,1:0,Header,Marcelo
334,13/14,UEFA Champions League,Group Stage,10/2/13,H,Real Madrid,FC Copenhagen,4:0,LW,65,2:0,Header,Angel Di Maria
335,13/14,LaLiga,8,10/5/13,A,Real Madrid,Levante UD,2:3,LW,90+4,2:3,Right-footed shot,Luka Modric
336,13/14,LaLiga,9,10/19/13,H,Real Madrid,Malaga CF,2:0,LW,90+1,2:0,Penalty,
337,13/14,UEFA Champions League,Group Stage,10/23/13,H,Real Madrid,Juventus FC,2:1,LW,4,1:0,Right-footed shot,Angel Di Maria
338,13/14,UEFA Champions League,Group Stage,10/23/13,H,Real Madrid,Juventus FC,2:1,LW,29,2:1,Penalty,
339,13/14,LaLiga,11,10/30/13,H,Real Madrid,Sevilla FC,7:3,LW,31,3:0,Penalty,
340,13/14,LaLiga,11,10/30/13,H,Real Madrid,Sevilla FC,7:3,LW,60,5:2,Right-footed shot,Gareth Bale
341,13/14,LaLiga,11,10/30/13,H,Real Madrid,Sevilla FC,7:3,LW,71,6:3,Right-footed shot,Karim Benzema
342,13/14,LaLiga,12,11/2/13,A,Real Madrid,Rayo Vallecano,2:3,LW,3,0:1,Right-footed shot,Luka Modric
343,13/14,LaLiga,12,11/2/13,A,Real Madrid,Rayo Vallecano,2:3,LW,48,0:3,Right-footed shot,Gareth Bale
344,13/14,UEFA Champions League,Group Stage,11/5/13,A,Real Madrid,Juventus FC,2:2,LW,52,1:1,Right-footed shot,Karim Benzema
345,13/14,LaLiga,13,11/9/13,H,Real Madrid,Real Sociedad,5:1,LW,12,1:0,Right-footed shot,Karim Benzema
346,13/14,LaLiga,13,11/9/13,H,Real Madrid,Real Sociedad,5:1,LW,27,3:0,Penalty,
347,13/14,LaLiga,13,11/9/13,H,Real Madrid,Real Sociedad,5:1,LW,76,5:1,Direct free kick,
348,13/14,LaLiga,14,11/23/13,A,Real Madrid,UD Almeria,0:5,LW,3,0:1,Left-footed shot,Isco
349,13/14,UEFA Champions League,Group Stage,12/10/13,A,Real Madrid,FC Copenhagen,0:2,LW,48,0:2,Right-footed shot,Pepe
350,13/14,LaLiga,17,12/22/13,A,Real Madrid,Valencia CF,2:3,LW,40,1:2,Header,Angel Di Maria
351,13/14,LaLiga,18,1/6/14,H,Real Madrid,Celta de Vigo,3:0,LW,82,2:0,Right-footed shot,Daniel Carvajal
352,13/14,LaLiga,18,1/6/14,H,Real Madrid,Celta de Vigo,3:0,LW,90,3:0,Right-footed shot,Gareth Bale
353,13/14,Copa del Rey,last 16,1/15/14,A,Real Madrid,CA Osasuna,0:2,LW,22,0:1,Direct free kick,
354,13/14,LaLiga,20,1/18/14,A,Real Madrid,Real Betis Balompie,0:5,LW,10,0:1,Right-footed shot,Angel Di Maria
355,13/14,LaLiga,21,1/25/14,H,Real Madrid,Granada CF,2:0,LW,57,1:0,Right-footed shot,Luka Modric
356,13/14,Copa del Rey,Semi-Finals,2/11/14,A,Real Madrid,Atletico de Madrid,0:2,LW,6,0:1,Penalty,
357,13/14,Copa del Rey,Semi-Finals,2/11/14,A,Real Madrid,Atletico de Madrid,0:2,LW,15,0:2,Penalty,
358,13/14,UEFA Champions League,last 16,2/26/14,A,Real Madrid,FC Schalke 04,1:6,LW,52,0:3,Left-footed shot,Gareth Bale
359,13/14,UEFA Champions League,last 16,2/26/14,A,Real Madrid,FC Schalke 04,1:6,LW,89,0:6,Right-footed shot,Karim Benzema
360,13/14,LaLiga,26,3/2/14,A,Real Madrid,Atletico de Madrid,2:2,LW,82,2:2,Right-footed shot,Gareth Bale
361,13/14,LaLiga,27,3/9/14,H,Real Madrid,Levante UD,3:0,LW,11,1:0,Header,Angel Di Maria
362,13/14,LaLiga,28,3/15/14,A,Real Madrid,Malaga CF,0:1,LW,23,0:1,Right-footed shot,Gareth Bale
363,13/14,UEFA Champions League,last 16,3/18/14,H,Real Madrid,FC Schalke 04,3:1,LW,22,1:0,Right-footed shot,Gareth Bale
364,13/14,UEFA Champions League,last 16,3/18/14,H,Real Madrid,FC Schalke 04,3:1,LW,74,2:1,Right-footed shot,
365,13/14,LaLiga,29,3/23/14,H,Real Madrid,FC Barcelona,3:4,LW,55,3:2,Penalty,
366,13/14,LaLiga,30,3/26/14,A,Real Madrid,Sevilla FC,2:1,LW,14,0:1,Direct free kick,
367,13/14,LaLiga,31,3/29/14,H,Real Madrid,Rayo Vallecano,5:0,LW,15,1:0,Right-footed shot,Gareth Bale
368,13/14,UEFA Champions League,Quarter-Finals,4/2/14,H,Real Madrid,Borussia Dortmund,3:0,LW,57,3:0,Left-footed shot,Luka Modric
369,13/14,LaLiga,35,4/26/14,H,Real Madrid,CA Osasuna,4:0,LW,6,1:0,Long distance kick,Angel Di Maria
370,13/14,LaLiga,35,4/26/14,H,Real Madrid,CA Osasuna,4:0,LW,52,2:0,Long distance kick,Isco
371,13/14,UEFA Champions League,Semi-Finals,4/29/14,A,Real Madrid,Bayern Munich,0:4,LW,34,0:3,Counter attack goal,Gareth Bale
372,13/14,UEFA Champions League,Semi-Finals,4/29/14,A,Real Madrid,Bayern Munich,0:4,LW,90,0:4,Direct free kick,
373,13/14,LaLiga,36,5/4/14,H,Real Madrid,Valencia CF,2:2,LW,90,2:2,Right-footed shot,Angel Di Maria
374,13/14,UEFA Champions League,Final,5/24/14,H,Real Madrid,Atletico de Madrid,4:1 AET,LW,120,4:1,Penalty,
375,14/15,UEFA Super Cup,Final,8/12/14,H,Real Madrid,Sevilla FC,2:0,LW,30,1:0,Right-footed shot,Gareth Bale
376,14/15,UEFA Super Cup,Final,8/12/14,H,Real Madrid,Sevilla FC,2:0,LW,49,2:0,Left-footed shot,Karim Benzema
377,14/15,LaLiga,1,8/25/14,H,Real Madrid,CÃ³rdoba CF,2:0,LW,90,2:0,Right-footed shot,Isco
378,14/15,LaLiga,3,9/13/14,H,Real Madrid,Atletico de Madrid,1:2,LW,25,1:1,Penalty,
379,14/15,UEFA Champions League,Group Stage,9/16/14,H,Real Madrid,FC Basel 1893,5:1,LW,31,3:0,Right-footed shot,Gareth Bale
380,14/15,LaLiga,4,9/20/14,A,Real Madrid,Deportivo de La CoruÃ±a,2:8,RW,29,0:1,Header,alvaro Arbeloa
381,14/15,LaLiga,4,9/20/14,A,Real Madrid,Deportivo de La CoruÃ±a,2:8,RW,41,0:3,Left-footed shot,Karim Benzema
382,14/15,LaLiga,4,9/20/14,A,Real Madrid,Deportivo de La CoruÃ±a,2:8,RW,78,1:6,Left-footed shot,James Rodriguez
383,14/15,LaLiga,5,9/23/14,H,Real Madrid,Elche CF,5:1,CF,28,2:1,Penalty,
384,14/15,LaLiga,5,9/23/14,H,Real Madrid,Elche CF,5:1,CF,32,3:1,Header,Marcelo
385,14/15,LaLiga,5,9/23/14,H,Real Madrid,Elche CF,5:1,CF,80,4:1,Penalty,
386,14/15,LaLiga,5,9/23/14,H,Real Madrid,Elche CF,5:1,CF,90,5:1,Right-footed shot,Gareth Bale
387,14/15,LaLiga,6,9/27/14,A,Real Madrid,Villarreal CF,0:2,CF,40,0:2,Right-footed shot,Karim Benzema
388,14/15,UEFA Champions League,Group Stage,10/1/14,A,Real Madrid,Ludogorets Razgrad,1:2,CF,25,1:1,Penalty,
389,14/15,LaLiga,7,10/5/14,H,Real Madrid,Athletic Bilbao,5:0,LW,3,1:0,Header,Gareth Bale
390,14/15,LaLiga,7,10/5/14,H,Real Madrid,Athletic Bilbao,5:0,LW,55,3:0,Right-footed shot,Gareth Bale
391,14/15,LaLiga,7,10/5/14,H,Real Madrid,Athletic Bilbao,5:0,LW,89,5:0,Deflected shot on goal,Pepe
392,14/15,LaLiga,8,10/18/14,A,Real Madrid,Levante UD,0:5,CF,13,0:1,Penalty,
393,14/15,LaLiga,8,10/18/14,A,Real Madrid,Levante UD,0:5,CF,61,0:3,Right-footed shot,Isco
394,14/15,UEFA Champions League,Group Stage,10/22/14,A,Real Madrid,Liverpool FC,0:3,CF,23,0:1,Right-footed shot,James Rodriguez
395,14/15,LaLiga,9,10/25/14,H,Real Madrid,FC Barcelona,3:1,CF,35,1:1,Penalty,
396,14/15,LaLiga,10,11/1/14,A,Real Madrid,Granada CF,0:4,CF,2,0:1,Right-footed shot,Karim Benzema
397,14/15,LaLiga,11,11/8/14,H,Real Madrid,Rayo Vallecano,5:1,CF,83,5:1,Right-footed shot,Isco
398,14/15,LaLiga,12,11/22/14,A,Real Madrid,SD Eibar,0:4,CF,43,0:2,Right-footed shot,Daniel Carvajal
399,14/15,LaLiga,12,11/22/14,A,Real Madrid,SD Eibar,0:4,CF,83,0:4,Penalty,
400,14/15,UEFA Champions League,Group Stage,11/26/14,A,Real Madrid,FC Basel 1893,0:1,LW,35,0:1,Left-footed shot,Karim Benzema
401,14/15,LaLiga,14,12/6/14,H,Real Madrid,Celta de Vigo,3:0,CF,36,1:0,Penalty,
402,14/15,LaLiga,14,12/6/14,H,Real Madrid,Celta de Vigo,3:0,CF,65,2:0,Right-footed shot,
403,14/15,LaLiga,14,12/6/14,H,Real Madrid,Celta de Vigo,3:0,CF,81,3:0,Left-footed shot,Marcelo
404,14/15,UEFA Champions League,Group Stage,12/9/14,H,Real Madrid,Ludogorets Razgrad,4:0,CF ,20,1:0,Penalty,
405,14/15,LaLiga,15,12/12/14,A,Real Madrid,UD Almeria,1:4,CF,81,1:3,Right-footed shot,Karim Benzema
406,14/15,LaLiga,15,12/12/14,A,Real Madrid,UD Almeria,1:4,CF,89,1:4,Right-footed shot,Daniel Carvajal
407,14/15,LaLiga,17,1/4/15,A,Real Madrid,Valencia CF,2:1,LW,14,0:1,Penalty,
408,14/15,Copa del Rey,last 16,1/15/15,H,Real Madrid,Atletico de Madrid,2:2,CF,54,2:2,Header,Gareth Bale
409,14/15,LaLiga,19,1/18/15,A,Real Madrid,Getafe CF,0:3,LW,63,0:1,Left-footed shot,Karim Benzema
410,14/15,LaLiga,19,1/18/15,A,Real Madrid,Getafe CF,0:3,LW,79,0:3,Header,James Rodriguez
411,14/15,UEFA Champions League,last 16,2/18/15,A,Real Madrid,FC Schalke 04,0:2,LW,26,0:1,Header,Daniel Carvajal
412,14/15,LaLiga,24,2/22/15,A,Real Madrid,Elche CF,0:2,CF,69,0:2,Header,Isco
413,14/15,LaLiga,25,3/1/15,H,Real Madrid,Villarreal CF,1:1,CF,52,1:0,Penalty,
414,14/15,UEFA Champions League,last 16,3/10/15,H,Real Madrid,FC Schalke 04,3:4,CF,25,1:1,Header,Toni Kroos
415,14/15,UEFA Champions League,last 16,3/10/15,H,Real Madrid,FC Schalke 04,3:4,CF,45,2:2,Header,Fabio CoentrÃ£o
416,14/15,LaLiga,28,3/22/15,A,Real Madrid,FC Barcelona,2:1,LW,31,1:1,Right-footed shot,Karim Benzema
417,14/15,LaLiga,29,4/5/15,H,Real Madrid,Granada CF,9:1,CF,30,2:0,Right-footed shot,James Rodriguez
418,14/15,LaLiga,29,4/5/15,H,Real Madrid,Granada CF,9:1,CF,36,3:0,Right-footed shot,
419,14/15,LaLiga,29,4/5/15,H,Real Madrid,Granada CF,9:1,CF,38,4:0,Long distance kick,Gareth Bale
420,14/15,LaLiga,29,4/5/15,H,Real Madrid,Granada CF,9:1,CF,54,6:0,Header,Gareth Bale
421,14/15,LaLiga,29,4/5/15,H,Real Madrid,Granada CF,9:1,CF,90,9:1,Header,Luka Modric
422,14/15,LaLiga,30,4/8/15,A,Real Madrid,Rayo Vallecano,0:2,LW,68,0:1,Header,Daniel Carvajal
423,14/15,LaLiga,31,4/11/15,H,Real Madrid,SD Eibar,3:0,LW,21,1:0,Direct free kick,
424,14/15,LaLiga,32,4/18/15,H,Real Madrid,Malaga CF,3:1,CF,90+2,3:1,Left-footed shot,Chicharito
425,14/15,LaLiga,35,5/2/15,A,Real Madrid,Sevilla FC,2:3,CF,36,0:1,Header,Isco
426,14/15,LaLiga,35,5/2/15,A,Real Madrid,Sevilla FC,2:3,CF,37,0:2,Right-footed shot,Chicharito
427,14/15,LaLiga,35,5/2/15,A,Real Madrid,Sevilla FC,2:3,CF,69,1:3,Header,Gareth Bale
428,14/15,UEFA Champions League,Semi-Finals,5/5/15,A,Real Madrid,Juventus FC,2:1,CF,27,1:1,Header,James Rodriguez
429,14/15,UEFA Champions League,Semi-Finals,5/13/15,H,Real Madrid,Juventus FC,1:1,LW,23,1:0,Penalty,
430,14/15,LaLiga,37,5/17/15,A,Real Madrid,RCD Espanyol Barcelona,1:4,LW,59,0:1,Left-footed shot,Karim Benzema
431,14/15,LaLiga,37,5/17/15,A,Real Madrid,RCD Espanyol Barcelona,1:4,LW,83,1:3,Right-footed shot,Chicharito
432,14/15,LaLiga,37,5/17/15,A,Real Madrid,RCD Espanyol Barcelona,1:4,LW,90+1,1:4,Header,James Rodriguez
433,14/15,LaLiga,38,5/23/15,H,Real Madrid,Getafe CF,7:3,LW,13,1:0,Header,Marcelo
434,14/15,LaLiga,38,5/23/15,H,Real Madrid,Getafe CF,7:3,LW,32,2:2,Direct free kick,
435,14/15,LaLiga,38,5/23/15,H,Real Madrid,Getafe CF,7:3,LW,34,3:2,Penalty,
436,15/16,LaLiga,3,9/12/15,A,Real Madrid,RCD Espanyol Barcelona,0:6,LW,7,0:1,Right-footed shot,Luka Modric
437,15/16,LaLiga,3,9/12/15,A,Real Madrid,RCD Espanyol Barcelona,0:6,LW,17,0:2,Penalty,
438,15/16,LaLiga,3,9/12/15,A,Real Madrid,RCD Espanyol Barcelona,0:6,LW,20,0:3,Left-footed shot,Gareth Bale
439,15/16,LaLiga,3,9/12/15,A,Real Madrid,RCD Espanyol Barcelona,0:6,LW,62,0:5,Right-footed shot,Gareth Bale
440,15/16,LaLiga,3,9/12/15,A,Real Madrid,RCD Espanyol Barcelona,0:6,LW,81,0:6,Right-footed shot,Lucas Vazquez
441,15/16,UEFA Champions League,Group Stage,9/15/15,H,Real Madrid,Shakhtar Donetsk,4:0,LW,56,2:0,Penalty,
442,15/16,UEFA Champions League,Group Stage,9/15/15,H,Real Madrid,Shakhtar Donetsk,4:0,LW,64,3:0,Penalty,
443,15/16,UEFA Champions League,Group Stage,9/15/15,H,Real Madrid,Shakhtar Donetsk,4:0,LW,82,4:0,Header,
444,15/16,UEFA Champions League,Group Stage,9/30/15,A,Real Madrid,MalmÃ¶ FF,0:2,LW ,29,0:1,Right-footed shot,Isco
445,15/16,UEFA Champions League,Group Stage,9/30/15,A,Real Madrid,MalmÃ¶ FF,0:2,LW ,90,0:2,Left-footed shot,Lucas Vazquez
446,15/16,LaLiga,8,10/17/15,H,Real Madrid,Levante UD,3:0,CF,30,2:0,Right-footed shot,Toni Kroos
447,15/16,LaLiga,9,10/24/15,A,Real Madrid,Celta de Vigo,1:3,CF,8,0:1,Right-footed shot,Lucas Vazquez
448,15/16,LaLiga,10,10/31/15,H,Real Madrid,UD Las Palmas,3:1,CF,14,2:0,Header,Marcelo
449,15/16,UEFA Champions League,Group Stage,11/25/15,A,Real Madrid,Shakhtar Donetsk,3:4,CF,18,0:1,Header,Gareth Bale
450,15/16,UEFA Champions League,Group Stage,11/25/15,A,Real Madrid,Shakhtar Donetsk,3:4,CF,70,0:4,Right-footed shot,Gareth Bale
451,15/16,LaLiga,13,11/29/15,A,Real Madrid,SD Eibar,0:2,CF,82,0:2,Penalty,
452,15/16,LaLiga,14,12/5/15,H,Real Madrid,Getafe CF,4:1,LW,38,4:0,Right-footed shot,Toni Kroos
453,15/16,UEFA Champions League,Group Stage,12/8/15,H,Real Madrid,MalmÃ¶ FF,8:0,LW,39,3:0,Direct free kick,
454,15/16,UEFA Champions League,Group Stage,12/8/15,H,Real Madrid,MalmÃ¶ FF,8:0,LW,47,4:0,Tap-in,
455,15/16,UEFA Champions League,Group Stage,12/8/15,H,Real Madrid,MalmÃ¶ FF,8:0,LW,50,5:0,Right-footed shot,Danilo
456,15/16,UEFA Champions League,Group Stage,12/8/15,H,Real Madrid,MalmÃ¶ FF,8:0,LW,59,6:0,Right-footed shot,Isco
457,15/16,LaLiga,16,12/20/15,H,Real Madrid,Rayo Vallecano,10:2,LW,30,3:2,Penalty,
458,15/16,LaLiga,16,12/20/15,H,Real Madrid,Rayo Vallecano,10:2,LW,54,6:2,Header,James Rodriguez
459,15/16,LaLiga,17,12/30/15,H,Real Madrid,Real Sociedad,3:1,LW,42,1:0,Penalty,
460,15/16,LaLiga,17,12/30/15,H,Real Madrid,Real Sociedad,3:1,LW,68,2:1,Left-footed shot,Marcelo
461,15/16,LaLiga,20,1/17/16,H,Real Madrid,Sporting GijÃ³n,5:1,LW,9,2:0,Left-footed shot,Karim Benzema
462,15/16,LaLiga,20,1/17/16,H,Real Madrid,Sporting GijÃ³n,5:1,LW,18,4:0,Left-footed shot,Daniel Carvajal
463,15/16,LaLiga,22,1/31/16,H,Real Madrid,RCD Espanyol Barcelona,6:0,LW,12,2:0,Penalty,
464,15/16,LaLiga,22,1/31/16,H,Real Madrid,RCD Espanyol Barcelona,6:0,LW,45,4:0,Left-footed shot,
465,15/16,LaLiga,22,1/31/16,H,Real Madrid,RCD Espanyol Barcelona,6:0,LW,82,5:0,Header,Jese
466,15/16,LaLiga,24,2/13/16,H,Real Madrid,Athletic Bilbao,4:2,LW,3,1:0,Right-footed shot,Karim Benzema
467,15/16,LaLiga,24,2/13/16,H,Real Madrid,Athletic Bilbao,4:2,LW,87,4:1,Right-footed shot,Lucas Vazquez
468,15/16,UEFA Champions League,last 16,2/17/16,A,Real Madrid,AS Roma,0:2,LW,57,0:1,Right-footed shot,Marcelo
469,15/16,LaLiga,25,2/21/16,A,Real Madrid,Malaga CF,1:1,LW,33,0:1,Header,Toni Kroos
470,15/16,LaLiga,27,3/2/16,A,Real Madrid,Levante UD,1:3,LW,34,0:1,Penalty,
471,15/16,LaLiga,28,3/5/16,H,Real Madrid,Celta de Vigo,7:1,LW,50,2:0,Long distance kick,Sergio Ramos
472,15/16,LaLiga,28,3/5/16,H,Real Madrid,Celta de Vigo,7:1,LW,58,3:0,Direct free kick,
473,15/16,LaLiga,28,3/5/16,H,Real Madrid,Celta de Vigo,7:1,LW,64,4:1,Right-footed shot,Isco
474,15/16,LaLiga,28,3/5/16,H,Real Madrid,Celta de Vigo,7:1,LW,76,5:1,Header,Jese
475,15/16,UEFA Champions League,last 16,3/8/16,H,Real Madrid,AS Roma,2:0,CF,64,1:0,Right-footed shot,Lucas Vazquez
476,15/16,LaLiga,30,3/20/16,H,Real Madrid,Sevilla FC,4:0,LW,64,2:0,Left-footed shot,Danilo
477,15/16,LaLiga,31,4/2/16,A,Real Madrid,FC Barcelona,1:2,LW,85,1:2,Right-footed shot,Gareth Bale
478,15/16,LaLiga,32,4/9/16,H,Real Madrid,SD Eibar,4:0,CF,19,3:0,Right-footed shot,Jese
479,15/16,UEFA Champions League,Quarter-Finals,4/12/16,H,Real Madrid,VfL Wolfsburg,3:0,LW,16,1:0,Right-footed shot,Daniel Carvajal
480,15/16,UEFA Champions League,Quarter-Finals,4/12/16,H,Real Madrid,VfL Wolfsburg,3:0,LW,17,2:0,Header,Toni Kroos
481,15/16,UEFA Champions League,Quarter-Finals,4/12/16,H,Real Madrid,VfL Wolfsburg,3:0,LW,77,3:0,Direct free kick,
482,15/16,LaLiga,33,4/16/16,A,Real Madrid,Getafe CF,1:5,LW,90+2,1:5,Left-footed shot,Jese
483,15/16,LaLiga,37,5/8/16,H,Real Madrid,Valencia CF,3:2,LW,26,1:0,Right-footed shot,Marcelo
484,15/16,LaLiga,37,5/8/16,H,Real Madrid,Valencia CF,3:2,LW,59,3:1,Left-footed shot,James Rodriguez
485,15/16,LaLiga,38,5/14/16,A,Real Madrid,Deportivo de La CoruÃ±a,0:2,LW,8,0:1,Left-footed shot,Karim Benzema
486,15/16,LaLiga,38,5/14/16,A,Real Madrid,Deportivo de La CoruÃ±a,0:2,LW,25,0:2,Header,Toni Kroos
487,16/17,LaLiga,3,9/10/16,H,Real Madrid,CA Osasuna,5:2,LW,6,1:0,Right-footed shot,Gareth Bale
488,16/17,UEFA Champions League,Group Stage,9/14/16,H,Real Madrid,Sporting CP,2:1,LW,89,1:1,Direct free kick,
489,16/17,UEFA Champions League,Group Stage,9/27/16,A,Real Madrid,Borussia Dortmund,2:2,LW,17,0:1,Right-footed shot,Gareth Bale
490,16/17,LaLiga,8,10/15/16,A,Real Madrid,Real Betis Balompie,1:6,LW,78,1:6,Right-footed shot,alvaro Morata
491,16/17,LaLiga,10,10/29/16,A,Real Madrid,Deportivo Alaves,1:4,LW,17,1:1,Penalty,
492,16/17,LaLiga,10,10/29/16,A,Real Madrid,Deportivo Alaves,1:4,LW,33,1:2,Right-footed shot,Karim Benzema
493,16/17,LaLiga,10,10/29/16,A,Real Madrid,Deportivo Alaves,1:4,LW,88,1:4,Right-footed shot,Marcelo
494,16/17,LaLiga,12,11/19/16,A,Real Madrid,Atletico de Madrid,0:3,CF,23,0:1,Direct free kick,
495,16/17,LaLiga,12,11/19/16,A,Real Madrid,Atletico de Madrid,0:3,CF,71,0:2,Penalty,
496,16/17,LaLiga,12,11/19/16,A,Real Madrid,Atletico de Madrid,0:3,CF,77,0:3,Right-footed shot,Gareth Bale
497,16/17,LaLiga,13,11/26/16,H,Real Madrid,Sporting GijÃ³n,2:1,LW,5,1:0,Penalty,
498,16/17,LaLiga,13,11/26/16,H,Real Madrid,Sporting GijÃ³n,2:1,LW,18,2:0,Header,Nacho Fernandez
499,16/17,FIFA Club World Cup,Semi-Finals,12/15/16,A,Real Madrid,CF America,0:2,LW,90+3,0:2,Right-footed shot,James Rodriguez
500,16/17,FIFA Club World Cup,Final,12/18/16,H,Real Madrid,Kashima Antlers,4:2 AET,LW,60,2:2,Penalty,
501,16/17,FIFA Club World Cup,Final,12/18/16,H,Real Madrid,Kashima Antlers,4:2 AET,LW,97,3:2,Left-footed shot,Karim Benzema
502,16/17,FIFA Club World Cup,Final,12/18/16,H,Real Madrid,Kashima Antlers,4:2 AET,LW,104,4:2,Left-footed shot,Toni Kroos
503,16/17,LaLiga,17,1/7/17,H,Real Madrid,Granada CF,5:0,LW,27,3:0,Header,Marcelo
504,16/17,LaLiga,18,1/15/17,A,Real Madrid,Sevilla FC,2:1,CF,67,0:1,Penalty,
505,16/17,Copa del Rey,Quarter-Finals,1/25/17,A,Real Madrid,Celta de Vigo,2:2,CF,62,1:1,Direct free kick,
506,16/17,LaLiga,20,1/29/17,H,Real Madrid,Real Sociedad,3:0,LW,51,2:0,Right-footed shot,Mateo Kovacic
507,16/17,LaLiga,22,2/11/17,A,Real Madrid,CA Osasuna,1:3,CF,24,0:1,Right-footed shot,Karim Benzema
508,16/17,LaLiga,16,2/22/17,A,Real Madrid,Valencia CF,2:1,LW,44,2:1,Header,Marcelo
509,16/17,LaLiga,24,2/26/17,A,Real Madrid,Villarreal CF,2:3,LW,74,2:2,Penalty,
510,16/17,LaLiga,25,3/1/17,H,Real Madrid,UD Las Palmas,3:3,LW,86,2:3,Penalty,
511,16/17,LaLiga,25,3/1/17,H,Real Madrid,UD Las Palmas,3:3,LW,89,3:3,Header,James Rodriguez
512,16/17,LaLiga,27,3/12/17,H,Real Madrid,Real Betis Balompie,2:1,LW,41,1:1,Header,Marcelo
513,16/17,UEFA Champions League,Quarter-Finals,4/12/17,A,Real Madrid,Bayern Munich,1:2,LW,47,1:1,Right-footed shot,Daniel Carvajal
514,16/17,UEFA Champions League,Quarter-Finals,4/12/17,A,Real Madrid,Bayern Munich,1:2,LW,77,1:2,Right-footed shot,Marco Asensio
515,16/17,UEFA Champions League,Quarter-Finals,4/18/17,H,Real Madrid,Bayern Munich,4:2 AET,CF,76,1:1,Header,Casemiro
516,16/17,UEFA Champions League,Quarter-Finals,4/18/17,H,Real Madrid,Bayern Munich,4:2 AET,CF,105,2:2,Left-footed shot,Sergio Ramos
517,16/17,UEFA Champions League,Quarter-Finals,4/18/17,H,Real Madrid,Bayern Munich,4:2 AET,CF,109,3:2,Right-footed shot,Marcelo
518,16/17,LaLiga,35,4/29/17,H,Real Madrid,Valencia CF,2:1,LW,27,1:0,Header,Daniel Carvajal
519,16/17,UEFA Champions League,Semi-Finals,5/2/17,H,Real Madrid,Atletico de Madrid,3:0,CF,10,1:0,Header,Casemiro
520,16/17,UEFA Champions League,Semi-Finals,5/2/17,H,Real Madrid,Atletico de Madrid,3:0,CF,73,2:0,Right-footed shot,Karim Benzema
521,16/17,UEFA Champions League,Semi-Finals,5/2/17,H,Real Madrid,Atletico de Madrid,3:0,CF,86,3:0,Right-footed shot,Lucas Vazquez
522,16/17,LaLiga,37,5/14/17,H,Real Madrid,Sevilla FC,4:1,LW,23,2:0,Right-footed shot,
523,16/17,LaLiga,37,5/14/17,H,Real Madrid,Sevilla FC,4:1,LW,78,3:1,Left-footed shot,Toni Kroos
524,16/17,LaLiga,21,5/17/17,A,Real Madrid,Celta de Vigo,1:4,CF,10,0:1,Left-footed shot,
525,16/17,LaLiga,21,5/17/17,A,Real Madrid,Celta de Vigo,1:4,CF,48,0:2,Left-footed shot,Isco
526,16/17,LaLiga,38,5/21/17,A,Real Madrid,Malaga CF,0:2,CF,2,0:1,Right-footed shot,Isco
527,16/17,UEFA Champions League,Final,6/3/17,A,Real Madrid,Juventus FC,1:4,CF,20,0:1,Right-footed shot,Daniel Carvajal
528,16/17,UEFA Champions League,Final,6/3/17,A,Real Madrid,Juventus FC,1:4,CF,64,1:3,Right-footed shot,Luka Modric
529,17/18,Supercopa,final,8/13/17,A,Real Madrid,FC Barcelona,1:3,CF,80,1:2,Right-footed shot,Isco
530,17/18,UEFA Champions League,Group Stage,9/13/17,H,Real Madrid,APOEL Nicosia,3:0,CF,12,1:0,Counter attack goal,Gareth Bale
531,17/18,UEFA Champions League,Group Stage,9/13/17,H,Real Madrid,APOEL Nicosia,3:0,CF,51,2:0,Penalty,
532,17/18,UEFA Champions League,Group Stage,9/26/17,A,Real Madrid,Borussia Dortmund,1:3,CF,49,0:2,Left-footed shot,Gareth Bale
533,17/18,UEFA Champions League,Group Stage,9/26/17,A,Real Madrid,Borussia Dortmund,1:3,CF,79,1:3,Right-footed shot,Luka Modric
534,17/18,LaLiga,8,10/14/17,A,Real Madrid,Getafe CF,1:2,CF,85,1:2,Right-footed shot,Isco
535,17/18,UEFA Champions League,Group Stage,10/17/17,H,Real Madrid,Tottenham Hotspur,1:1,LW,43,1:1,Penalty,
536,17/18,UEFA Champions League,Group Stage,11/1/17,A,Real Madrid,Tottenham Hotspur,3:1,LW,80,3:1,Right-footed shot,Borja Mayoral
537,17/18,UEFA Champions League,Group Stage,11/21/17,A,Real Madrid,APOEL Nicosia,0:6,LW,49,0:5,Header,Marcelo
538,17/18,UEFA Champions League,Group Stage,11/21/17,A,Real Madrid,APOEL Nicosia,0:6,LW,54,0:6,Left-footed shot,
539,17/18,LaLiga,13,11/25/17,H,Real Madrid,Malaga CF,3:2,CF,76,3:2,Penalty rebound,
540,17/18,UEFA Champions League,Group Stage,12/6/17,H,Real Madrid,Borussia Dortmund,3:2,LW,12,2:0,Right-footed shot,Mateo Kovacic
541,17/18,LaLiga,15,12/9/17,H,Real Madrid,Sevilla FC,5:0,CF,23,2:0,Right-footed shot,Marco Asensio
542,17/18,LaLiga,15,12/9/17,H,Real Madrid,Sevilla FC,5:0,CF,31,3:0,Penalty,
543,17/18,FIFA Club World Cup,Semi-Finals,12/13/17,A,Real Madrid,Al-Jazira (Abu Dhabi),1:2,LW,53,1:1,Right-footed shot,Luka Modric
544,17/18,FIFA Club World Cup,Final,12/16/17,H,Real Madrid,GrÃªmio Foot-Ball Porto Alegrense,1:0,LW,53,1:0,Direct free kick,
545,17/18,LaLiga,20,1/21/18,H,Real Madrid,Deportivo de La CoruÃ±a,7:1,LW,78,5:1,Left-footed shot,Casemiro
546,17/18,LaLiga,20,1/21/18,H,Real Madrid,Deportivo de La CoruÃ±a,7:1,LW,84,6:1,Header,Lucas Vazquez
547,17/18,LaLiga,21,1/27/18,A,Real Madrid,Valencia CF,1:4,LW,16,0:1,Penalty,
548,17/18,LaLiga,21,1/27/18,A,Real Madrid,Valencia CF,1:4,LW,38,0:2,Penalty,
549,17/18,LaLiga,23,2/10/18,H,Real Madrid,Real Sociedad,5:2,CF,27,2:0,Right-footed shot,Marcelo
550,17/18,LaLiga,23,2/10/18,H,Real Madrid,Real Sociedad,5:2,CF,37,4:0,Header,Luka Modric
551,17/18,LaLiga,23,2/10/18,H,Real Madrid,Real Sociedad,5:2,CF,80,5:1,Tap-in,
552,17/18,UEFA Champions League,last 16,2/14/18,H,Real Madrid,Paris Saint-Germain,3:1,LW,45,1:1,Penalty,
553,17/18,UEFA Champions League,last 16,2/14/18,H,Real Madrid,Paris Saint-Germain,3:1,LW,83,2:1,Tap-in,
554,17/18,LaLiga,24,2/18/18,A,Real Madrid,Real Betis Balompie,3:5,CF,65,2:4,Right-footed shot,Casemiro
555,17/18,LaLiga,25,2/24/18,H,Real Madrid,Deportivo Alaves,4:0,CF ,44,1:0,Left-footed shot,Karim Benzema
556,17/18,LaLiga,25,2/24/18,H,Real Madrid,Deportivo Alaves,4:0,CF ,61,3:0,Right-footed shot,Lucas Vazquez
557,17/18,LaLiga,27,3/3/18,H,Real Madrid,Getafe CF,3:1,CF,45+1,2:0,Left-footed shot,Karim Benzema
558,17/18,LaLiga,27,3/3/18,H,Real Madrid,Getafe CF,3:1,CF,78,3:1,Header,Marcelo
559,17/18,UEFA Champions League,last 16,3/6/18,A,Real Madrid,Paris Saint-Germain,1:2,CF,51,0:1,Header,Lucas Vazquez
560,17/18,LaLiga,28,3/10/18,A,Real Madrid,SD Eibar,1:2,CF,33,0:1,Right-footed shot,Luka Modric
561,17/18,LaLiga,28,3/10/18,A,Real Madrid,SD Eibar,1:2,CF,84,1:2,Header,Daniel Carvajal
562,17/18,LaLiga,29,3/18/18,H,Real Madrid,Girona FC,6:3,CF,11,1:0,Left-footed shot,Toni Kroos
563,17/18,LaLiga,29,3/18/18,H,Real Madrid,Girona FC,6:3,CF,47,2:1,Left-footed shot,Karim Benzema
564,17/18,LaLiga,29,3/18/18,H,Real Madrid,Girona FC,6:3,CF,64,4:1,Tap-in,
565,17/18,LaLiga,29,3/18/18,H,Real Madrid,Girona FC,6:3,CF,90+1,6:3,Right-footed shot,Toni Kroos
566,17/18,UEFA Champions League,Quarter-Finals,4/3/18,A,Real Madrid,Juventus FC,0:3,CF,3,0:1,Right-footed shot,Isco
567,17/18,UEFA Champions League,Quarter-Finals,4/3/18,A,Real Madrid,Juventus FC,0:3,CF,64,0:2,Right-footed shot,Daniel Carvajal
568,17/18,LaLiga,31,4/8/18,H,Real Madrid,Atletico de Madrid,1:1,CF,53,1:0,Right-footed shot,Gareth Bale
569,17/18,UEFA Champions League,Quarter-Finals,4/11/18,H,Real Madrid,Juventus FC,1:3,CF,90+7,1:3,Penalty,
570,17/18,LaLiga,33,4/18/18,H,Real Madrid,Athletic Bilbao,1:1,CF,87,1:1,Right-footed shot,Luka Modric
571,17/18,LaLiga,36,5/6/18,A,Real Madrid,FC Barcelona,2:2,LW,14,1:1,Right-footed shot,Karim Benzema
572,17/18,LaLiga,38,5/19/18,A,Real Madrid,Villarreal CF,2:2,CF,32,0:2,Header,Marcelo
573,18/19,Serie A,4,9/16/18,H,Juventus FC,US Sassuolo,2:1,CF,50,1:0,Tap-in,
574,18/19,Serie A,4,9/16/18,H,Juventus FC,US Sassuolo,2:1,CF,65,2:0,Left-footed shot,Emre Can
575,18/19,Serie A,5,9/23/18,A,Juventus FC,Frosinone Calcio,0:2,LW,81,0:1,Left-footed shot,
576,18/19,Serie A,8,10/6/18,A,Juventus FC,Udinese Calcio,0:2,LW,37,0:2,Left-footed shot,Mario Mandzukic
577,18/19,Serie A,9,10/20/18,H,Juventus FC,Genoa CFC,1:1,LW,18,1:0,Tap-in,
578,18/19,Serie A,10,10/27/18,A,Juventus FC,Empoli FC ,1:2,CF,54,1:1,Penalty,
579,18/19,Serie A,10,10/27/18,A,Juventus FC,Empoli FC ,1:2,CF,70,1:2,Right-footed shot,Blaise Matuidi
580,18/19,UEFA Champions League,Group Stage,11/7/18,H,Juventus FC,Manchester United,1:2,CF,65,1:0,Right-footed shot,Leonardo Bonucci
581,18/19,Serie A,12,11/11/18,A,Juventus FC,AC Milan,0:2,LW,81,0:2,Tap-in,
582,18/19,Serie A,13,11/24/18,H,Juventus FC,SPAL,2:0,CF,29,1:0,Left-footed shot,Miralem Pjanic
583,18/19,Serie A,14,12/1/18,A,Juventus FC,ACF Fiorentina,0:3,LW,79,0:3,Penalty,
584,18/19,Serie A,16,12/15/18,A,Juventus FC,Torino FC,0:1,LW,70,0:1,Penalty,
585,18/19,Serie A,18,12/26/18,A,Juventus FC,Atalanta BC,2:2,CF,78,2:2,Header,Giorgio Chiellini
586,18/19,Serie A,19,12/29/18,H,Juventus FC,UC Sampdoria,2:1,LW,2,1:0,Right-footed shot,Paulo Dybala
587,18/19,Serie A,19,12/29/18,H,Juventus FC,UC Sampdoria,2:1,LW,65,2:1,Penalty,
588,18/19,Supercoppa Italiana,Final,1/16/19,H,Juventus FC,AC Milan,1:0,LW,61,1:0,Header,Miralem Pjanic
589,18/19,Serie A,21,1/27/19,A,Juventus FC,SS Lazio,1:2,LW,88,1:2,Penalty,
590,18/19,Serie A,22,2/2/19,H,Juventus FC,Parma Calcio 1913,3:3,LW,36,1:0,Right-footed shot,Blaise Matuidi
591,18/19,Serie A,22,2/2/19,H,Juventus FC,Parma Calcio 1913,3:3,LW,66,3:1,Header,Mario Mandzukic
592,18/19,Serie A,23,2/10/19,A,Juventus FC,US Sassuolo,0:3,LW,70,0:2,Header,Miralem Pjanic
593,18/19,Serie A,24,2/15/19,H,Juventus FC,Frosinone Calcio,3:0,LW,63,3:0,Right-footed shot,Mario Mandzukic
594,18/19,UEFA Champions League,last 16,3/12/19,H,Juventus FC,Atletico de Madrid,3:0,CF,27,1:0,Header,Federico Bernardeschi
595,18/19,UEFA Champions League,last 16,3/12/19,H,Juventus FC,Atletico de Madrid,3:0,CF,49,2:0,Header,JoÃ£o Cancelo
596,18/19,UEFA Champions League,last 16,3/12/19,H,Juventus FC,Atletico de Madrid,3:0,CF,86,3:0,Penalty,
597,18/19,UEFA Champions League,Quarter-Finals,4/10/19,A,Juventus FC,Ajax Amsterdam,1:1,LW,45,0:1,Header,JoÃ£o Cancelo
598,18/19,UEFA Champions League,Quarter-Finals,4/16/19,H,Juventus FC,Ajax Amsterdam,1:2,LW,28,1:0,Header,Miralem Pjanic
599,18/19,Serie A,34,4/27/19,A,Juventus FC,Inter Milan,1:1,CF,62,1:1,Left-footed shot,Miralem Pjanic
600,18/19,Serie A,35,5/3/19,H,Juventus FC,Torino FC,1:1,CF,84,1:1,Header,Leonardo Spinazzola
601,19/20,Serie A,2,8/31/19,H,Juventus FC,SSC Napoli,4:3,LW,62,3:0,Left-footed shot,Douglas Costa
602,19/20,Serie A,4,9/21/19,H,Juventus FC,Hellas Verona,2:1,LW,49,2:1,Penalty,
603,19/20,Serie A,6,9/28/19,H,Juventus FC,SPAL,2:0,CF,78,2:0,Header,Paulo Dybala
604,19/20,UEFA Champions League,Group Stage,10/1/19,H,Juventus FC,Bayer 04 Leverkusen,3:0,CF,89,3:0,Right-footed shot,Paulo Dybala
605,19/20,Serie A,8,10/19/19,H,Juventus FC,Bologna FC 1909,2:1,CF,19,1:0,Right-footed shot,
606,19/20,Serie A,10,10/30/19,H,Juventus FC,Genoa CFC,2:1,CF,90+6,2:1,Penalty,
607,19/20,Serie A,14,12/1/19,H,Juventus FC,US Sassuolo,2:2,CF,68,2:2,Penalty,
608,19/20,Serie A,15,12/7/19,A,Juventus FC,SS Lazio,3:1,CF,25,0:1,Tap-in,Rodrigo Bentancur
609,19/20,UEFA Champions League,Group Stage,12/11/19,A,Juventus FC,Bayer 04 Leverkusen,0:2,CF,75,0:1,Right-footed shot,Paulo Dybala
610,19/20,Serie A,16,12/15/19,H,Juventus FC,Udinese Calcio,3:1,CF,9,1:0,Right-footed shot,
611,19/20,Serie A,16,12/15/19,H,Juventus FC,Udinese Calcio,3:1,CF,37,2:0,Left-footed shot,Gonzalo Higuain
612,19/20,Serie A,17,12/18/19,A,Juventus FC,UC Sampdoria,1:2,LW,45,1:2,Header,Alex Sandro
613,19/20,Serie A,18,1/6/20,H,Juventus FC,Cagliari Calcio,4:0,CF,49,1:0,Right-footed shot,
614,19/20,Serie A,18,1/6/20,H,Juventus FC,Cagliari Calcio,4:0,CF,67,2:0,Penalty,
615,19/20,Serie A,18,1/6/20,H,Juventus FC,Cagliari Calcio,4:0,CF,82,4:0,Left-footed shot,Douglas Costa
616,19/20,Serie A,19,1/12/20,A,Juventus FC,AS Roma,1:2,CF,10,0:2,Penalty,
617,19/20,Serie A,20,1/19/20,H,Juventus FC,Parma Calcio 1913,2:1,CF,43,1:0,Deflected shot on goal,Blaise Matuidi
618,19/20,Serie A,20,1/19/20,H,Juventus FC,Parma Calcio 1913,2:1,CF,58,2:1,Right-footed shot,Paulo Dybala
619,19/20,Italy Cup,Quarter-Finals,1/22/20,H,Juventus FC,AS Roma,3:1,LW,26,1:0,Left-footed shot,Gonzalo Higuain
620,19/20,Serie A,21,1/26/20,A,Juventus FC,SSC Napoli,2:1,LW,90,2:1,Right-footed shot,Rodrigo Bentancur
621,19/20,Serie A,22,2/2/20,H,Juventus FC,ACF Fiorentina,3:0,LW,40,1:0,Penalty,
622,19/20,Serie A,22,2/2/20,H,Juventus FC,ACF Fiorentina,3:0,LW,80,2:0,Penalty,
623,19/20,Serie A,23,2/8/20,A,Juventus FC,Hellas Verona,2:1,LW,65,0:1,Right-footed shot,Rodrigo Bentancur
624,19/20,Italy Cup,Semi-Finals,2/13/20,A,Juventus FC,AC Milan,1:1,LW,90+1,1:1,Penalty,
625,19/20,Serie A,25,2/22/20,A,Juventus FC,SPAL,1:2,LW,39,0:1,Tap-in,Juan Cuadrado
626,19/20,Serie A,27,6/22/20,A,Juventus FC,Bologna FC 1909,0:2,LW,23,0:1,Penalty,
627,19/20,Serie A,28,6/26/20,H,Juventus FC,US Lecce,4:0,LW,62,2:0,Penalty,
628,19/20,Serie A,29,6/30/20,A,Juventus FC,Genoa CFC,1:3,LW,56,0:2,Long distance kick,Miralem Pjanic
629,19/20,Serie A,30,7/4/20,H,Juventus FC,Torino FC,4:1,LW,61,3:1,Direct free kick,
630,19/20,Serie A,31,7/7/20,A,Juventus FC,AC Milan,4:2,LW,53,0:2,Left-footed shot,Juan Cuadrado
631,19/20,Serie A,32,7/11/20,H,Juventus FC,Atalanta BC,2:2,LW,55,1:1,Penalty,
632,19/20,Serie A,32,7/11/20,H,Juventus FC,Atalanta BC,2:2,LW,90,2:2,Penalty,
633,19/20,Serie A,34,7/20/20,H,Juventus FC,SS Lazio,2:1,LW,51,1:0,Penalty,
634,19/20,Serie A,34,7/20/20,H,Juventus FC,SS Lazio,2:1,LW,54,2:0,Counter attack goal,Paulo Dybala
635,19/20,Serie A,36,7/26/20,H,Juventus FC,UC Sampdoria,2:0,LW,45+7,1:0,Right-footed shot,Miralem Pjanic
636,19/20,UEFA Champions League,last 16,8/7/20,H,Juventus FC,Olympique Lyon,2:1,LW,43,1:1,Penalty,
637,19/20,UEFA Champions League,last 16,8/7/20,H,Juventus FC,Olympique Lyon,2:1,LW,60,2:1,Left-footed shot,Federico Bernardeschi
638,20/21,Serie A,1,9/20/20,H,Juventus FC,UC Sampdoria,3:0,CF,88,3:0,Right-footed shot,Aaron Ramsey
639,20/21,Serie A,2,9/27/20,A,Juventus FC,AS Roma,2:2,CF,44,1:1,Penalty,
640,20/21,Serie A,2,9/27/20,A,Juventus FC,AS Roma,2:2,CF,69,2:2,Header,Danilo
641,20/21,Serie A,6,11/1/20,A,Juventus FC,Spezia Calcio,1:4,CF,59,1:2,Right-footed shot,alvaro Morata
642,20/21,Serie A,6,11/1/20,A,Juventus FC,Spezia Calcio,1:4,CF,76,1:4,Penalty,
643,20/21,Serie A,7,11/8/20,A,Juventus FC,SS Lazio,1:1,LW,15,0:1,Right-footed shot,Juan Cuadrado
644,20/21,Serie A,8,11/21/20,H,Juventus FC,Cagliari Calcio,2:0,CF,38,1:0,Right-footed shot,alvaro Morata
645,20/21,Serie A,8,11/21/20,H,Juventus FC,Cagliari Calcio,2:0,CF,42,2:0,Right-footed shot,Merih Demiral
646,20/21,UEFA Champions League,Group Stage,11/24/20,H,Juventus FC,Ferencvarosi TC,2:1,CF,35,1:1,Left-footed shot,Juan Cuadrado
647,20/21,UEFA Champions League,Group Stage,12/2/20,H,Juventus FC,Dynamo Kyiv,3:0,CF,57,2:0,Right-footed shot,alvaro Morata
648,20/21,UEFA Champions League,Group Stage,12/8/20,A,Juventus FC,FC Barcelona,0:3,CF,13,0:1,Penalty,
649,20/21,UEFA Champions League,Group Stage,12/8/20,A,Juventus FC,FC Barcelona,0:3,CF,52,0:3,Penalty,
650,20/21,Serie A,11,12/13/20,A,Juventus FC,Genoa CFC,1:3,CF,78,1:2,Penalty,
651,20/21,Serie A,11,12/13/20,A,Juventus FC,Genoa CFC,1:3,CF,89,1:3,Penalty,
652,20/21,Serie A,13,12/19/20,A,Juventus FC,Parma Calcio 1913,0:4,CF,26,0:2,Header,alvaro Morata
653,20/21,Serie A,13,12/19/20,A,Juventus FC,Parma Calcio 1913,0:4,CF,48,0:3,Left-footed shot,Aaron Ramsey
654,20/21,Serie A,15,1/3/21,H,Juventus FC,Udinese Calcio,4:1,CF,31,1:0,Right-footed shot,Aaron Ramsey
655,20/21,Serie A,15,1/3/21,H,Juventus FC,Udinese Calcio,4:1,CF,70,3:0,Left-footed shot,Rodrigo Bentancur
656,20/21,Serie A,17,1/10/21,H,Juventus FC,US Sassuolo,3:1,CF,90+2,3:1,Right-footed shot,Danilo
657,20/21,Supercoppa Italiana,Final,1/20/21,H,Juventus FC,SSC Napoli,2:0,CF,64,1:0,Tap-in,
658,20/21,Italy Cup,Semi-Finals,2/2/21,A,Juventus FC,Inter Milan,1:2,CF,26,1:1,Penalty,
659,20/21,Italy Cup,Semi-Finals,2/2/21,A,Juventus FC,Inter Milan,1:2,CF,35,1:2,Left-footed shot,
660,20/21,Serie A,21,2/6/21,H,Juventus FC,AS Roma,2:0,CF,13,1:0,Left-footed shot,alvaro Morata
661,20/21,Serie A,23,2/22/21,H,Juventus FC,FC Crotone,3:0,CF,38,1:0,Header,Alex Sandro
662,20/21,Serie A,23,2/22/21,H,Juventus FC,FC Crotone,3:0,CF,45+1,2:0,Header,Aaron Ramsey
663,20/21,Serie A,24,2/27/21,A,Juventus FC,Hellas Verona,1:1,CF,49,0:1,Right-footed shot,Federico Chiesa
664,20/21,Serie A,25,3/2/21,H,Juventus FC,Spezia Calcio,3:0,CF,89,3:0,Counter attack goal,Rodrigo Bentancur
665,20/21,Serie A,27,3/14/21,A,Juventus FC,Cagliari Calcio,1:3,CF,10,0:1,Header,Juan Cuadrado
666,20/21,Serie A,27,3/14/21,A,Juventus FC,Cagliari Calcio,1:3,CF,25,0:2,Penalty,
667,20/21,Serie A,27,3/14/21,A,Juventus FC,Cagliari Calcio,1:3,CF,32,0:3,Left-footed shot,Federico Chiesa
668,20/21,Serie A,29,4/3/21,A,Juventus FC,Torino FC,2:2,CF,79,2:2,Header,Giorgio Chiellini
669,20/21,Serie A,3,4/7/21,H,Juventus FC,SSC Napoli,2:1,CF,13,1:0,Right-footed shot,Federico Chiesa
670,20/21,Serie A,34,5/2/21,A,Juventus FC,Udinese Calcio,1:2,CF,83,1:1,Penalty,
671,20/21,Serie A,34,5/2/21,A,Juventus FC,Udinese Calcio,1:2,CF,89,1:2,Header,Adrien Rabiot
672,20/21,Serie A,36,5/12/21,A,Juventus FC,US Sassuolo,1:3,CF,45,0:2,Left-footed shot,
673,20/21,Serie A,37,5/15/21,H,Juventus FC,Inter Milan,3:2,CF,24,1:0,Penalty rebound,
674,21/22,Premier League,4,9/11/21,H,Manchester United,Newcastle United,4:1,CF,45+2,1:0,Tap-in,
675,21/22,Premier League,4,9/11/21,H,Manchester United,Newcastle United,4:1,CF,62,2:1,Left-footed shot,Luke Shaw
676,21/22,UEFA Champions League,Group Stage,9/14/21,A,Manchester United,BSC Young Boys,2:1,CF,13,0:1,Right-footed shot,Bruno Fernandes
677,21/22,Premier League,5,9/19/21,A,Manchester United,West Ham United,1:2,CF,35,1:1,Right-footed shot,
678,21/22,UEFA Champions League,Group Stage,9/29/21,H,Manchester United,Villarreal CF,2:1,CF,90+5,2:1,Right-footed shot,Jesse Lingard
679,21/22,UEFA Champions League,Group Stage,10/20/21,H,Manchester United,Atalanta BC,3:2,CF,81,3:2,Header,Luke Shaw
680,21/22,Premier League,10,10/30/21,A,Manchester United,Tottenham Hotspur,0:3,CF,39,0:1,Right-footed shot,Bruno Fernandes
681,21/22,UEFA Champions League,Group Stage,11/2/21,A,Manchester United,Atalanta BC,2:2,CF,45+1,1:1,Right-footed shot,Bruno Fernandes
682,21/22,UEFA Champions League,Group Stage,11/2/21,A,Manchester United,Atalanta BC,2:2,CF,90+1,2:2,Right-footed shot,Mason Greenwood
683,21/22,UEFA Champions League,Group Stage,11/23/21,A,Manchester United,Villarreal CF,0:2,CF,78,0:1,Right-footed shot,
684,21/22,Premier League,14,12/2/21,H,Manchester United,Arsenal FC,3:2,CF,52,2:1,Right-footed shot,Marcus Rashford
685,21/22,Premier League,14,12/2/21,H,Manchester United,Arsenal FC,3:2,CF,70,3:2,Penalty,
686,21/22,Premier League,16,12/11/21,A,Manchester United,Norwich City,0:1,CF,75,0:1,Penalty,
687,21/22,Premier League,20,12/30/21,H,Manchester United,Burnley FC,3:1,CF,35,3:0,Right-footed shot,
688,21/22,Premier League,18,2/15/22,H,Manchester United,Brighton & Hove Albion,2:0,CF,51,1:0,Right-footed shot,Scott McTominay
689,21/22,Premier League,29,3/12/22,H,Manchester United,Tottenham Hotspur,3:2,CF,12,1:0,Right-footed shot,Fred
690,21/22,Premier League,29,3/12/22,H,Manchester United,Tottenham Hotspur,3:2,CF,38,2:1,Right-footed shot,Jadon Sancho
691,21/22,Premier League,29,3/12/22,H,Manchester United,Tottenham Hotspur,3:2,CF,81,3:2,Header,Alex Telles
692,21/22,Premier League,33,4/16/22,H,Manchester United,Norwich City,3:2,CF,7,1:0,Right-footed shot,Anthony Elanga
693,21/22,Premier League,33,4/16/22,H,Manchester United,Norwich City,3:2,CF,32,2:0,Header,Alex Telles
694,21/22,Premier League,33,4/16/22,H,Manchester United,Norwich City,3:2,CF,76,3:2,Direct free kick,
695,21/22,Premier League,34,4/23/22,A,Manchester United,Arsenal FC,3:1,CF,34,2:1,Left-footed shot,Nemanja MatiÄ‡
696,21/22,Premier League,37,4/28/22,H,Manchester United,Chelsea FC,1:1,CF,62,1:1,Right-footed shot,Nemanja MatiÄ‡
697,21/22,Premier League,35,5/2/22,H,Manchester United,Brentford FC,3:0,CF,61,2:0,Penalty,
